title,company,location,link
네이버,[Search & Clova] Clova AI 인재,대한민국,https://kr.indeed.com/viewjob?jk=92bd400e3b5306ba
네이버,[전문연구요원] 상시,대한민국,https://kr.indeed.com/viewjob?jk=b79c2ae536063b01
네이버,[Search & Clova] 네이버 Data Science 데이터 분석 신입/경력사원,대한민국,https://kr.indeed.com/viewjob?jk=9e73c6c0c12902dd
네이버,Global Music 데이터 분석가 연계형 인턴십,대한민국,https://kr.indeed.com/viewjob?jk=2cd6b141cc9905a7
현대트랜시스,2020년 경력 및 신입사원,충청남도 서산,https://kr.indeed.com/viewjob?jk=e92e9a3502845754
SAP,Student Intern (South Korea),서울,https://kr.indeed.com/viewjob?jk=f83c468b246ce9ef
앰코테크놀로지코리아,2020년 RF/Package설계/Test개발 신입/경력,인천 연수구,https://kr.indeed.com/viewjob?jk=ca3ae9fb21acddd3
Applied Materials Inc.,Process & Data Scientist,대한민국,https://kr.indeed.com/viewjob?jk=b87ff4aabad6e65e
네이버,[Search & Clova] Commerce AI 기술 개발 신입/경력사원,대한민국,https://kr.indeed.com/viewjob?jk=faf0422473d4188a
카카오,데이터 분석가,성남 판교역,https://kr.indeed.com/viewjob?jk=092d062a6faa7139
thecompany,2020년 신규 개발자,경상남도,https://kr.indeed.com/viewjob?jk=5699cdfbc747b0bd
LG유플러스,AI/빅데이터 분야 (인재 Pool),서울,https://kr.indeed.com/viewjob?jk=fb617eeb80ea6fa9
Hewlett Packard Enterprise,Application Analyst,대전,https://kr.indeed.com/viewjob?jk=c3c0448a294b2db0
LG상사,2020년 경력사원 공개 (접수기한 연장),서울 종로구,https://kr.indeed.com/viewjob?jk=ff04e97830ca895a
네이버,[동영상플랫폼] 연계형 인턴십,대한민국,https://kr.indeed.com/viewjob?jk=e65a195da656bcdc
Garrett Advancing Motion,Algorithm Application Engineer,경기도,https://kr.indeed.com/viewjob?jk=8c47e8f334705d2e
울산과학기술원,2019 Military Service Exemption Position Available at the IBS CMCM (Synthetic Organic/Polymer Chemistry OR Theoretical Study of Carbon and Related Materials),울산 언양읍,https://kr.indeed.com/viewjob?jk=8becbf73bbda7c96
Process Systems Enterprise Limited,Senior Consultant / Applications Engineers,대전,https://kr.indeed.com/viewjob?jk=1b0be42764835ab3
네이버,[Search & Clova] NAVER Search 이미지 검색서버개발 신입/경력사원,대한민국,https://kr.indeed.com/viewjob?jk=a771637c0eeffc26
네이버,네이버 쇼핑검색플랫폼 개발자,대한민국,https://kr.indeed.com/viewjob?jk=f3a14b3f8d9e3e12
SiFive,Physical Implementation Engineer,대한민국,https://kr.indeed.com/viewjob?jk=55537575b7dd8d87
LG CNS,경력,서울,https://kr.indeed.com/viewjob?jk=3ecd87a745e7b526
OSF Commerce,Solution Architect,대한민국,https://kr.indeed.com/viewjob?jk=80aabe146d2855e5
Nielsen,Data Analyst,서울,https://kr.indeed.com/viewjob?jk=86c5a66bf9468e1c
NAVER,Global Music 데이터 분석가 채용연계형 인턴십 모집,성남 정자동,https://kr.indeed.com/viewjob?jk=9000605ffc33a5d2
네이버,[Search & Clova] AI 시스템 (성능) 개발자 신입/경력사원,대한민국,https://kr.indeed.com/viewjob?jk=9136552822e7c54f
Axiologic Solutions,Data Analyst,서울,https://kr.indeed.com/viewjob?jk=eb45c08f4c4a43d8
Hewlett Packard Enterprise,Systems Engineer,대전,https://kr.indeed.com/viewjob?jk=6ed2963730d3c340
에이스파트너스서치펌,AI 플랫폼 구조개선/운영 효율화(서울)[IT대기업],대전,https://kr.indeed.com/viewjob?jk=e9bc57465b1eefbd
Google,"Research Intern, 2020",서울,https://kr.indeed.com/viewjob?jk=9a17133e36675189
Nexon,정보보안 담당자,성남 분당구,https://kr.indeed.com/viewjob?jk=e1719c3044cb5bd1
마이뮤직테이스트,Developer / Designer recruit,서울 논현동,https://kr.indeed.com/viewjob?jk=55a19c92c845685e
Boston Consulting Group,Data Scientist,서울,https://kr.indeed.com/viewjob?jk=ce6747e77c861c46
에이스파트너스서치펌,[IT대기업] AI 플랫폼 구조개선/운영 효율화(서울),대전,https://kr.indeed.com/viewjob?jk=2b9fb5a808dc9f35
한국정보기술단,"데이터 분석 및 컨설팅 분야(Python, SAS, 빅데이터-신입)",서울 서초구,https://kr.indeed.com/viewjob?jk=640c9858f4f3b2f6
동대문여성인력개발센터,동대문구 국비 무료 훈련생,서울 동대문구,https://kr.indeed.com/viewjob?jk=2f64e12e457da027
네이버,네이버 UGC 데이터 분석/운영 개발자,대한민국,https://kr.indeed.com/viewjob?jk=fd67d04ed1642339
Microsoft,Support Engineer,서울,https://kr.indeed.com/viewjob?jk=0bbf23c0930be392
Continental,Financial Controller with Data Science,대한민국,https://kr.indeed.com/viewjob?jk=6218cd959f0f6bd4
그룹 IT 인프라 구축,AI 기반 로봇 서비스 개발 그룹 IT 인프라 구축,서울특별시,https://kr.indeed.com/viewjob?jk=d9086035792f01d0
네이버,네이버 일본 맛집 서비스 CONOMI 머신러닝 개발자,대한민국,https://kr.indeed.com/viewjob?jk=feac8a234b715106
심시스글로벌,2020년 개발자/경영지원,서울 서초구,https://kr.indeed.com/viewjob?jk=69bcbac49023acae
위메프,[개발]Data Scientist (정규직),대한민국,https://kr.indeed.com/viewjob?jk=ae63a69b12752674
대그룹계열제조사,제조공정Deep Learning/AI 전문가 대그룹계열제조사,서울특별시,https://kr.indeed.com/viewjob?jk=c2bc15d755c2e44a
신한에이아이,신한AI 인공지능(AI) / IT 개발관리 / 준법감시 인력,서울 영등포구,https://kr.indeed.com/viewjob?jk=e7c6a0167c5bbbf4
POSTECH / Max Planck POSTECH/KOREA Res. Init.,MPK / MPI-SD Joint Postdoctoral Position for Ultrafast Nonlinear Spectroscopy in Solids (Theory),대한민국,https://kr.indeed.com/viewjob?jk=e11bc11a4d72cc54
글로벌브릿지,"AI, eIoT sw 개발자",인천 연수구,https://kr.indeed.com/viewjob?jk=d7bcd63e56a64f2b
신세계아이앤씨,(주)신세계아이앤씨 상반기 시스템운영/개발 부문 인재,서울 중구,https://kr.indeed.com/viewjob?jk=b55d3d20f915df43
thecompany,안드로이드/ 윈도우서버 스프링 개발자 / 풀스택 개발자 정규직,경상남도,https://kr.indeed.com/viewjob?jk=879b70d978f1c14f
Google,"Customer Solutions Engineer, Global Client and Agency Solutions",서울,https://kr.indeed.com/viewjob?jk=2615f45e6f912c05
네이버,[Search&Clova] Clova 챗봇 Platform 개발 신입/경력사원,대한민국,https://kr.indeed.com/viewjob?jk=b2cfcc7d4b79c216
BOEING,Avionics Software Engineer Intern,서울,https://kr.indeed.com/viewjob?jk=41e16c5d37456c7d
써로마인드로보틱스,기술 인턴 인공지능 응용 연구/개발 인턴,서울 관악구,https://kr.indeed.com/viewjob?jk=71c47ac87bb4087e
카카오,추천 통계분석/데이터사이언티스트,성남 판교역,https://kr.indeed.com/viewjob?jk=bfe0f5ac4f32ec89
리디,백엔드 엔지니어 (e-커머스),서울특별시,https://kr.indeed.com/viewjob?jk=fb0d4b29731b536d
SiFive,Design for Test (DFT) Engineer,대한민국,https://kr.indeed.com/viewjob?jk=6c6ccc05ec15dc41
네이버,[네이버파이낸셜] CSS 모델 개발 및 운영 담당자,대한민국,https://kr.indeed.com/viewjob?jk=20604c00a91032e4
한국정보기술단,주요정보통신기반시설 취약점분석평가 전문인력(경력직),과천 과천시,https://kr.indeed.com/viewjob?jk=f8b1270b1176f7f3
네이버,[Search & Clova] 글로벌 콘텐츠 검색/ AI 기술 개발 신입/경력사원,대한민국,https://kr.indeed.com/viewjob?jk=90104004fabe2502
에듀테크 선두기업,데이터분석(대리이상) 에듀테크 선두기업,서울특별시,https://kr.indeed.com/viewjob?jk=e6102500056b81b1
퓨처메인,"응용프로그램개발, 인공지능 신입/경력 정규직",수원 영통구,https://kr.indeed.com/viewjob?jk=d0650e2aa74d1287
Nexon,메시지발송 플랫폼 개발자,성남 분당구,https://kr.indeed.com/viewjob?jk=eaee1538d8cc832f
카카오,대용량 분산 스토리지 개발자,성남 판교역,https://kr.indeed.com/viewjob?jk=37d1f6dbb37f8a38
카카오,[월간 카카오 3월] AdTech/비즈플랫폼 주니어 경력 개발자,대한민국,https://kr.indeed.com/viewjob?jk=95ac4ab8946165ed
네이버,[Search&Clova] Clova AI AiCall 개발자 경력사원,대한민국,https://kr.indeed.com/viewjob?jk=7db25ada717266e0
네이버,[Search & Clova] BigData and AI Platform S/W엔지니어 신입/경력사원,대한민국,https://kr.indeed.com/viewjob?jk=7d85150a375cfacf
Supercell,Data Scientist,서울,https://kr.indeed.com/viewjob?jk=554c2e55cc985488
Nexon,유저프로파일팀 - 데이터 모델러,성남 분당구,https://kr.indeed.com/viewjob?jk=8dfc9993e2aa9160
Nexon,분석지원팀 - 데이터 분석가,성남 분당구,https://kr.indeed.com/viewjob?jk=4233609a843b5e96
카카오,카카오톡 보이스톡/페이스톡/라이브톡 개발자,성남 판교역,https://kr.indeed.com/viewjob?jk=d585814d097935eb
Nexon,분석 플랫폼 웹 프론트 엔지니어,성남 분당구,https://kr.indeed.com/viewjob?jk=eeb027369cdab361
Cloudera,Solutions Architect,대한민국,https://kr.indeed.com/viewjob?jk=a459013391a3d600
Synopsys,"Design Consultant, Sr II",대한민국,https://kr.indeed.com/viewjob?jk=33da210b05e4dac7
BOEING,BR&T Software Engineer Intern,서울,https://kr.indeed.com/viewjob?jk=b19575486d134ab7
네이버,[Search & Clova] 네이버 웹검색 연구/개발 경력사원,대한민국,https://kr.indeed.com/viewjob?jk=37127548f83bb7f7
카카오,챗봇 플랫폼 개발자,성남 판교역,https://kr.indeed.com/viewjob?jk=20d40ee61adffeca
Google,"Partner Engineer, Google Assistant",서울,https://kr.indeed.com/viewjob?jk=c6398dbbd3c4f4d9
Nexon,솔루션 프론트엔드 개발자,성남 분당구,https://kr.indeed.com/viewjob?jk=273d830a0c62aedd
위메프,[개발]상담시스템 백엔드 개발자(정규직),대한민국,https://kr.indeed.com/viewjob?jk=9b123ff73f89c0e5
BOEING,Application Backend Developer,서울,https://kr.indeed.com/viewjob?jk=a8ed60198075d112
Nexon,광고팀 - 분석가,성남 분당구,https://kr.indeed.com/viewjob?jk=3a08c7089343733d
Global Green Growth Institute,Consultant: Green Growth Index Simulation Tool Programmer/Modeler,대한민국,https://kr.indeed.com/viewjob?jk=e26a3d7d12a95bd8
Google,"Software Engineer, University Graduate",서울,https://kr.indeed.com/viewjob?jk=effcb5381cceb13b
카카오,추천 시스템 소프트웨어 엔지니어,성남 판교역,https://kr.indeed.com/viewjob?jk=07375dc4e800dfa9
IQVIA,Healthcare Real World Data Analyst 담당자,서울,https://kr.indeed.com/viewjob?jk=a39853230d5ceca8
NVIDIA,Product Test Engineer - GPU,서울,https://kr.indeed.com/viewjob?jk=48ca423ba9cc3be4
네이버,[Autonomous Driving] Virtual Environment Simulation Engineer,대한민국,https://kr.indeed.com/viewjob?jk=5ed0334bca0963cb
위메프,[개발]위메프패션 백엔드 개발자(정규직),대한민국,https://kr.indeed.com/viewjob?jk=b0e9252f0c2cf6ec
Oracle,System Administrator 2-IT (Datacenter Engineer),서울,https://kr.indeed.com/viewjob?jk=55dd3a1ce1248639
Microsoft,Support Engineer _ Devices & IoT,서울,https://kr.indeed.com/viewjob?jk=7af1798e214d4067
카카오,카카오 네트워크 엔지니어,성남 판교역,https://kr.indeed.com/viewjob?jk=f281c810daf0e10d
에이치알니즈,[유통대기업] 데이터 분석 (팀장/팀원 - 3명) 경력,서울,https://kr.indeed.com/viewjob?jk=e8096b963d7ee409
Nexon,이탈방지팀-서비스 개발자,성남 분당구,https://kr.indeed.com/viewjob?jk=691f61972f31c777
넥스텝코리아,웹프로그래머 (FrontEnd) 기업부설연구소 연구원 #python #js #FullStack #모바일,서울 용산구,https://kr.indeed.com/viewjob?jk=950367c9910738e4
리디,데이터 엔지니어,서울특별시,https://kr.indeed.com/viewjob?jk=1937ebb0ea172f08
Bloomberg,2020 Market Data Analyst - Seoul (Korean Speaker),서울,https://kr.indeed.com/viewjob?jk=212ca67d161b7162
Soomgo,Business Data Analyst,서울 강남구,https://kr.indeed.com/viewjob?jk=166aa0c72e94a266
Qualcomm,Staff RF Production Test Engineer,서울,https://kr.indeed.com/viewjob?jk=b085b3c302873fcc
펜타시큐리티시스템,[펜타시큐리티/아우토크립트] 차량 보안 솔루션 연구개발자,서울 영등포구,https://kr.indeed.com/viewjob?jk=55dfa0b257382e60
카카오,MongoDB Engineer,성남 판교역,https://kr.indeed.com/viewjob?jk=2695294aea6dc3b6
Qualcomm,RF SW Engineer,서울,https://kr.indeed.com/viewjob?jk=2a4041f0b6aeb27b
Intel,Platform Application Engineer,서울,https://kr.indeed.com/viewjob?jk=0c73ef7efc258db7
LG이노텍,광학솔루션사업부 경력사원 (인재Pool),경상북도 구미,https://kr.indeed.com/viewjob?jk=b8f9206dc9c4a886
카카오,추천 시스템 연구/개발,성남 판교역,https://kr.indeed.com/viewjob?jk=be6c1f03fa566f8e
Nexon,데이터수집개발파트,성남 분당구,https://kr.indeed.com/viewjob?jk=475cc377417d9a5b
위메프,[개발]위메프오 서비스 서버개발자(정규직),대한민국,https://kr.indeed.com/viewjob?jk=5f3a399e83a81379
Electronic Arts,[인재풀] 아티스트,서울,https://kr.indeed.com/viewjob?jk=aac8e9355cb855ac
Soomgo,Back-end Engineer (Python),서울 강남구,https://kr.indeed.com/viewjob?jk=752a4b5d63eac97c
에이스파트너스서치펌,Public 클라우드 환경 AI 플랫폼 상용화/ 구조개선/운영 효율화,서울,https://kr.indeed.com/viewjob?jk=efdbdb9cb734f9c4
카카오,MySQL Engineer,성남 판교역,https://kr.indeed.com/viewjob?jk=dd06066d79860614
커리어라임즈,[대형보험사] 데이터 분석가 (사원~과장급),서울,https://kr.indeed.com/viewjob?jk=68db00885a3fc1ae
WORKPORT,[해외취업] IT개발자 정사원,대한민국,https://kr.indeed.com/viewjob?jk=2e33029834281905
딜리버리히어로코리아,2020 상반기 개발직군,서울 서초구,https://kr.indeed.com/viewjob?jk=518298c796a11371
Byzantine Partners,Junior Quant Trader,서울,https://kr.indeed.com/viewjob?jk=25725b3c0e607311
카카오,"데이터 가치 함께 발굴하실 머신러닝, 통계 모델링 전문가",성남 판교역,https://kr.indeed.com/viewjob?jk=d1e75364ef505c68
에스티앤아이,로봇 시뮬레이션 API 개발자,울산 중구,https://kr.indeed.com/viewjob?jk=555a71e0e76fb314
NVIDIA,"Computer Vision Engineer, Perception – Autonomous Vehicles",서울,https://kr.indeed.com/viewjob?jk=f775c2b405edea87
Microsoft,Support Engineer _ Azure PaaS,서울,https://kr.indeed.com/viewjob?jk=01bc879744c28f9c
위메프,[개발]웹 서비스 개발자(정규직),대한민국,https://kr.indeed.com/viewjob?jk=9bff6cc5a8f53e6e
하나금융티아이,"(하나금융융합기술원) AI/Bigdata 석,박사 연구원(경력직) 채용(지식 엔지니어링)",인천 검암경서동,https://kr.indeed.com/viewjob?jk=a2b3aa4885ea6dfb
네오컨버전스,"인공지능(AI), 딥러닝 신입/경력 정규직",서울 성동구,https://kr.indeed.com/viewjob?jk=552198485f4ad2da
Intel,Hardware Platform Application Engineer,서울,https://kr.indeed.com/viewjob?jk=aa21d09eb021ffeb
에스비씨엔,"금융 데이터 분석 엔진, 로보어드바이저 개발자",서울 영등포구,https://kr.indeed.com/viewjob?jk=649ccf047c868778
LG CNS,데이터 전문가 경력,서울,https://kr.indeed.com/viewjob?jk=46e64783bd9d2d0d
아이디어콘서트,인공지능AI 기술연구개발(신입/경력),성남 분당구,https://kr.indeed.com/viewjob?jk=d7e490bf343e5721
Materialise Sdn Bhd,[해외취업] Sales Application Engineer,대한민국,https://kr.indeed.com/viewjob?jk=35f16e65f031d7e9
Amazon Web Services Korea LLC,Deep Learning Architect,서울,https://kr.indeed.com/viewjob?jk=9f7af88b0ef15493
신세계아이앤씨,(주)신세계아이앤씨 상반기 AI/기획/데이터분석 부문 인재,서울 중구,https://kr.indeed.com/viewjob?jk=2f3c39f93e5abf96
에이스파트너스서치펌,"[긴급] C-ITS 등 교통산업 컨설팅, 수주 전략 기획, 제안 ( 대리-차장, 서울 )",서울,https://kr.indeed.com/viewjob?jk=380d14940dd4fba9
미래에셋제5호기업인수목적,[온라인공채] ZUM 데이터 분석(경력),서울 서초구,https://kr.indeed.com/viewjob?jk=7eb726eeabdf393d
Nexon,콘텐츠서비스개발팀 - 데이터분석가,성남 분당구,https://kr.indeed.com/viewjob?jk=b35da47f5e84c9b4
카카오,"카카오콘 앱(iOS), 서버 경력 개발자",대한민국,https://kr.indeed.com/viewjob?jk=b9974ad79659bb6d
네이버,빅데이터 활용 개발 경력사원,대한민국,https://kr.indeed.com/viewjob?jk=c534734c041454d8
Oracle,Datacenter Engineer,서울,https://kr.indeed.com/viewjob?jk=0184fd84022533a6
Nielsen,DevOps Engineer,서울,https://kr.indeed.com/viewjob?jk=de8ad67cf88179fe
BNP Paribas,2020 APAC Graduate Programme – Junior Fixed Income Sales,서울,https://kr.indeed.com/viewjob?jk=b2c01054f550bdf2
카카오,데스크탑 가상화(VDI) 엔지니어,성남 판교역,https://kr.indeed.com/viewjob?jk=530a598184580c95
카카오,[경력] 빅데이터 플랫폼 엔지니어,성남 판교역,https://kr.indeed.com/viewjob?jk=61ecdc0ef3cfb66a
네이버,[Search&Clova] Clova 머신러닝 Scientist 개발 신입/경력사원,대한민국,https://kr.indeed.com/viewjob?jk=257110e5aec08f6d
더테스터,"MVP 개발 엔지니어(서버, 웹프론트) (정규직, 계약직, 프리랜서)",대전 중구,https://kr.indeed.com/viewjob?jk=1748baa27965fdbf
Soomgo,Data Scientist,서울 강남구,https://kr.indeed.com/viewjob?jk=917cc06120add6e1
Nexon,데이터연동개발팀 - 데이터엔지니어,성남 분당구,https://kr.indeed.com/viewjob?jk=83afcd111984f51c
그룹 주력계열사,BI 운영 그룹 주력계열사,서울특별시,https://kr.indeed.com/viewjob?jk=e5098c47e3662580
Qualcomm,Platform/BSP SW APPS Engineering - Engineer/Sr. Engineer,서울,https://kr.indeed.com/viewjob?jk=9ba11226adbb856d
Siemens AG,Technical Leader - OPC,경기도 성남,https://kr.indeed.com/viewjob?jk=2cfcbfbe70232dbc
Google,"Technical Specialist, Professional Services (Korean, English)",서울,https://kr.indeed.com/viewjob?jk=fa839fed02943ef7
YG 엔터테인먼트,[ 2020 YG ENTERTAINMENT ] 정보관리팀 경력 (IT시스템 개발),서울 합정동,https://kr.indeed.com/viewjob?jk=a26c6742b80a60ba
NVIDIA,"Solution Architect, Data Scientist - WWFO",서울,https://kr.indeed.com/viewjob?jk=475bfcb9fe2956fa
위메프,[개발]신사업 프론트 개발자(정규직),대한민국,https://kr.indeed.com/viewjob?jk=57aa1b90d7626f69
Amazon Web Services Korea LLC,Tech U Associate Professional Services Consultant - 2020 Korea,서울,https://kr.indeed.com/viewjob?jk=881a1aa0f0646335
Nexon,매칭팀 - 데이터분석가,성남 분당구,https://kr.indeed.com/viewjob?jk=48090bdf1303bd76
네오플,[던전앤파이터] 2D/3D 그래픽 기술개발 부문 (TA/엔진프로그래머/툴 프로그래머),서울 강남구,https://kr.indeed.com/viewjob?jk=ed8f2d4e613fb977
Google,"Front End Software Engineer, TensorFlow",서울,https://kr.indeed.com/viewjob?jk=bb22e1b9b7683013
AITRICS,Research Engineer - Machine Learning,서울,https://kr.indeed.com/viewjob?jk=05ce3c7d5c6c368c
Nexon,경험최적화파트 - 데이터 사이언티스트/분석가,성남 분당구,https://kr.indeed.com/viewjob?jk=c6e0b428a62c7eaa
Wish,Software Engineer,서울,https://kr.indeed.com/viewjob?jk=ed4359af01841c83
인섹시큐리티,파이썬 Python 개발자,서울 금천구,https://kr.indeed.com/viewjob?jk=8e3d4022aed99fb2
Microsoft,Cloud Solution Architect,서울,https://kr.indeed.com/viewjob?jk=e6662326a6c95612
위메프,[보안]보안솔루션 운영 담당자(정규직),대한민국,https://kr.indeed.com/viewjob?jk=84fd4c2127309eea
고도소프트,Data Engineer,서울 구로구,https://kr.indeed.com/viewjob?jk=68ee194a9d487aac
인공지능(AI) 연구개발 전문기업,AI Engineer (얼굴모션 캡처기술) 인공지능(AI) 연구개발 전문기업 new,경기도,https://kr.indeed.com/viewjob?jk=4fa50f2ffd370bae
KAN,GNI 소프트웨어 개발자,울산 북구,https://kr.indeed.com/viewjob?jk=b2ebc1da56d8b120
Amzn Corporate Services Korea,Data Center Technician,서울,https://kr.indeed.com/viewjob?jk=1f542078927eb1e4
나라스페이스테크놀로지,"인공지능(AI), 데이터분석 외 신입/경력 계약직",부산 영도구,https://kr.indeed.com/viewjob?jk=08886d865f1ef1f7
네오플,[던전앤파이터] 클라이언트 툴 프로그래머,서울 강남구,https://kr.indeed.com/viewjob?jk=cb286253682cb876
그룹 IT인프라 구축,Robot SW Engineer 그룹 IT인프라 구축,서울특별시,https://kr.indeed.com/viewjob?jk=7c7f6f9c070d78bd
아프리카TV,데이터 분석 및 지표 구축,성남 분당구,https://kr.indeed.com/viewjob?jk=1d95b1dac345f2ca
Amazon Web Services Korea LLC,SAP Architect,서울,https://kr.indeed.com/viewjob?jk=1a5cda61b51c21b7
AITRICS,Software Developer - Front-End / Back-End,서울,https://kr.indeed.com/viewjob?jk=5123207a169f90eb
신한비엔피파리바자산운용,퀀트운용팀 (사원-대리급),대한민국,https://kr.indeed.com/viewjob?jk=9040dba1c8db2a5d
株式会社ASCOM,[해외취업] AI 엔지니어,대한민국,https://kr.indeed.com/viewjob?jk=67a92be234325f85
네이버랩스,Virtual Environment Simulation Engineer,성남 분당구,https://kr.indeed.com/viewjob?jk=1f8241bde59958c8
Electronic Arts,[인재풀] Central Development Services,서울,https://kr.indeed.com/viewjob?jk=d9a8d22b38653d34
에이스파트너스서치펌,자연어처리/텍스트분석 엔진 개발 및 서비스 개발(대리(6년)-부장급(19년),서울,https://kr.indeed.com/viewjob?jk=3913e63e39abfe21
미래에셋제5호기업인수목적,[온라인공채] ZUM 검색플랫폼 개발(신입),서울 서초구,https://kr.indeed.com/viewjob?jk=b0689e759c272ef5
엔디소프트,(주)엔디소프트 2020년도 개발자,부산 해운대구,https://kr.indeed.com/viewjob?jk=2a2fb5091859871a
벨에포크자산운용,Quant 트레이딩 부문,대한민국,https://kr.indeed.com/viewjob?jk=3e617a8ed7934773
애드인텔리전스,[경력] SW개발자 - 정규직,서울 광진구,https://kr.indeed.com/viewjob?jk=9b686bf45b28b6ea
커리어라임즈,[대형보험사] 딥러닝 엔지니어 (사원~과장급),서울,https://kr.indeed.com/viewjob?jk=aa4786d0220985ac
테크에이스 솔루션,"기업부설연구소 연구원 (인공지능(AI), 딥러닝), 소프트웨어 개발자 신입/경력 정규직",서울 금천구,https://kr.indeed.com/viewjob?jk=d2ca1a4025dbb1a7
피플렙,모바일 뱅킹앱 서비스의 설계/기획 경력 [저축은행그룹 모기업],서울 구로구,https://kr.indeed.com/viewjob?jk=2bd4dbc4b81c0bd3
에릭슨엘지,Ericsson-LG Enterprise 경력 개발자 (추가 ),서울 금천구,https://kr.indeed.com/viewjob?jk=7aba45ffde3ad6ee
지식시스템,[KSTEC] 통계/Analytics 경력사원,성남 분당구,https://kr.indeed.com/viewjob?jk=9ce21c09147387cb
인포섹,개발직군 연계형 인턴십,성남 분당구,https://kr.indeed.com/viewjob?jk=9b3b43bfe4f351ce
Arm,Pre Sales Engineer,서울,https://kr.indeed.com/viewjob?jk=eec4b684cdb38ebd
8퍼센트,8퍼센트 경력 개발자,서울 종로구,https://kr.indeed.com/viewjob?jk=464ef95516a5fa5c
인공지능(AI) 연구개발 전문기업,AI Engineer (바디모션 캡처기술) 인공지능(AI) 연구개발 전문기업 new,경기도,https://kr.indeed.com/viewjob?jk=8925ce6bab9d00d6
아이디어콘서트,플랫폼 개발-프론트엔드/백엔드 개발자,제주 제주시,https://kr.indeed.com/viewjob?jk=3b51b4e35a149067
MathWorks,Senior Technical Consultant,서울,https://kr.indeed.com/viewjob?jk=22a5590c81649937
카카오,[멜론] 빅데이터 서비스 개발자,성남 판교역,https://kr.indeed.com/viewjob?jk=3e2a310c9dd0f693
로이스에이치알,IT기획(대리-과장급) 초빙 - 유명 유통사,서울,https://kr.indeed.com/viewjob?jk=d48c925acb7e4187
카카오,데이터 사이언스 전문가 및 머신러닝 전문가,성남 판교역,https://kr.indeed.com/viewjob?jk=85929aac498299cc
빌리콘,웹/앱 개발자 (경력),수원 장안구,https://kr.indeed.com/viewjob?jk=77c8700bdba0ea81
Synopsys,"Application Engineer, Sr II",서울,https://kr.indeed.com/viewjob?jk=8c8700db243d1a3c
지식시스템,[KSTEC] 2020년 신입 및 경력 (SW개발자),성남 분당구,https://kr.indeed.com/viewjob?jk=73ec78a2017fc02b
지식시스템,[KSTEC] RPA 시스템 개발 경력사원,성남 분당구,https://kr.indeed.com/viewjob?jk=2e9c12f77f6517ce
에이아이메이커,"Java, Python 영상툴 개발자",서울 마곡동,https://kr.indeed.com/viewjob?jk=cae2de07045cfb2b
크로스앵글,데이터 엔지니어,서울 여의도,https://kr.indeed.com/viewjob?jk=ae15250b0a7f47e0
Amazon Web Services Korea LLC,TECH U Associate Solutions Architect - 2020 Korea,서울,https://kr.indeed.com/viewjob?jk=d66914db200312e0
베가스,데이터분석 전문가 신입·경력·전문연구요원,서울 강남구,https://kr.indeed.com/viewjob?jk=8bda582040d41076
Nexon,분석실 - 베이지안 분석 전문가,성남 분당구,https://kr.indeed.com/viewjob?jk=19b44e0d17d112e2
커리어라임즈,[대형보험사] 빅데이터 엔지니어 (사원~대리급),서울,https://kr.indeed.com/viewjob?jk=03b6d0d5e9de3616
신세계아이앤씨,2020년 상반기 AI/기획/데이터분석 부문 인재모집,서울 회현동,https://kr.indeed.com/viewjob?jk=e0adc36df891f6e1
베이리스,딥러닝 전문연구요원 특별,성남 수정구,https://kr.indeed.com/viewjob?jk=bfc63c0dc39852e3
포티투마루,검색서비스 서버 개발 신입/경력,서울 관악구,https://kr.indeed.com/viewjob?jk=e010f7780d479126
Electronic Arts,[피파온라인4] 소프트웨어 엔지니어,서울,https://kr.indeed.com/viewjob?jk=1cf825d234463890
파운트,자연어처리전문가 금융챗봇 만들어 갈 엔지니어,서울 충정로역,https://kr.indeed.com/viewjob?jk=a50fce6cc2cb57c9
NAVER,네이버 UGC 데이터 분석/운영 개발자 모집,성남 정자동,https://kr.indeed.com/viewjob?jk=6d8b59554c6f370b
헬로월드,[포스피드] 백앤드 개발 경력직 (정규직),서울 강남구,https://kr.indeed.com/viewjob?jk=2df89ff4453791b3
Wish,Site Engineering Leader,서울,https://kr.indeed.com/viewjob?jk=f8d8cbfce9b1c143
Amazon Web Services Korea LLC,Tech U Associate Technical Trainer - 2020 Korea,서울,https://kr.indeed.com/viewjob?jk=a8b83b3070bb370a
SSG.COM,Data Analytics 부문 경력사원 공개모집,서울 회현동,https://kr.indeed.com/viewjob?jk=e7346b74d7029db0
메가존,[메가존] 2020년 상반기 구글클라우드 직무별,서울 강남구,https://kr.indeed.com/viewjob?jk=072e19aecc5926bb
Bagelcode,데이터 엔지니어 / Data Engineer,서울,https://kr.indeed.com/viewjob?jk=bd1ad6ca3aba3000
KANTAR,Marketing Science Director,서울,https://kr.indeed.com/viewjob?jk=2d5c603043556b81
Synopsys,"R&D Engineer, Sr I",서울,https://kr.indeed.com/viewjob?jk=432b169b273d9964
SK 씨앤씨,[정규직] 제조 자동화(Hi-Tech) 시스템 구축 인력,대한민국,https://kr.indeed.com/viewjob?jk=74e6114729ef9aef
주식회사퍼즐데이터,퍼즐데이터 역량있는 데이터 분석가,서울 역삼동,https://kr.indeed.com/viewjob?jk=116009dbf59211ed
그룹 IT계열사,빅데이터 플랫폼 및 BI시스템 구축 그룹 IT계열사,서울특별시,https://kr.indeed.com/viewjob?jk=c1936b77c8be4bcf
토이온,TOIION 토이온 전산 인프라 운영 스탭,성남 수정구,https://kr.indeed.com/viewjob?jk=c7c315d68ab45e13
포티투마루,한글 Q&A 시스템 연구 개발 신입/경력사원,서울 관악구,https://kr.indeed.com/viewjob?jk=6f88041c28b6c1ae
엔젤스윙,"드론 데이터 스타트업, 엔젤스윙 엔지니어",서울 관악구,https://kr.indeed.com/viewjob?jk=d017610d9828199c
크로스앵글,백엔드 개발자 (경력),서울 여의도,https://kr.indeed.com/viewjob?jk=af5683389907a8c9
파운트,백엔드 파운트 시스템 엔지니어 (현재 급여수준 이상 보장),서울 충정로역,https://kr.indeed.com/viewjob?jk=d6c05c588971df5a
위시켓,위시켓과 함께할 서버개발자님,서울 강남구,https://kr.indeed.com/viewjob?jk=a3a65a4d59061430
스틸리언,모바일 앱 보안 솔루션 개발부문,서울 용산구,https://kr.indeed.com/viewjob?jk=6718bba08ef6e20b
미래에셋제5호기업인수목적,[온라인공채] ZUM 빅데이터 분석 플랫폼 개발 및 운영(신입),서울 서초구,https://kr.indeed.com/viewjob?jk=a68056f9b2614197
8퍼센트,8퍼센트 개발자 (신입/경력),서울 종로구,https://kr.indeed.com/viewjob?jk=8af26b37623864c4
인썸니아,서울 강남구 인썸니아 시니어 개발자 및 퍼블리셔,서울 서초구,https://kr.indeed.com/viewjob?jk=6c1d50662fa2d7f7
일루미나리안,Linux/Python/PHP/MySQL/백엔드 정규직 경력,용인 보정동,https://kr.indeed.com/viewjob?jk=04d685fc70b67d4e
Nexon,게임이상탐지팀 서비스 개발자,성남 분당구,https://kr.indeed.com/viewjob?jk=e787fde04b998e1a
Nielsen,Software Engineer / Sr. Software Engineer(C++ / Python Developer),서울,https://kr.indeed.com/viewjob?jk=686cdc6df95f159f
BOEING,Lead Application Backend Developer – Mobile,서울,https://kr.indeed.com/viewjob?jk=8624753c574a9d25
에프피에이,"비젼 프로그램 개발, 자동제어 외 경력 정규직",경기도 화성,https://kr.indeed.com/viewjob?jk=338660b483fec9e9
Nielsen,SDET Engineer,서울,https://kr.indeed.com/viewjob?jk=c46c1d3d5b3fb904
이스트시큐리티,[온라인공채] ESTsecurity 웹프론트 개발 (경력),서울 서초구,https://kr.indeed.com/viewjob?jk=106abbac17334486
이스트시큐리티,[온라인공채] ESTsecurity 서버 백엔드 개발 (경력),서울 서초구,https://kr.indeed.com/viewjob?jk=de80829dfb03d602
유비벨록스모바일,IoT/빅데이터 관련 웹 솔루션 개발자(java/python),서울 구로구,https://kr.indeed.com/viewjob?jk=85dd040bbe01ea3d
쉐어멜론,"프론트엔드, 백엔드 외 신입/경력 정규직",서울 서초구,https://kr.indeed.com/viewjob?jk=7827691157ce061b
리디,데이터 분석가(팀장급),서울,https://kr.indeed.com/viewjob?jk=62c516d05ac032ba
파인씨앤아이,"기술연구소 정규직 연력(Java, C++, Python, 기타) 및 ERP 개발인력",서울 송파구,https://kr.indeed.com/viewjob?jk=99f592d0e69ead72
고도소프트,인프라 플랫폼 개발자,서울 구로구,https://kr.indeed.com/viewjob?jk=2b1c5b35b97700fc
엔에이치엔서비스,[NHN Service] [판교]기술지원 경력,성남 분당구,https://kr.indeed.com/viewjob?jk=0ce604f78d27b2f2
Nexon,데이터분석가(게임어뷰징 탐지),성남 분당구,https://kr.indeed.com/viewjob?jk=ea3b136c0ff59524
꿈꾸는다락방,웹 개발자 채용,서울 공덕동,https://kr.indeed.com/viewjob?jk=3cc6771ec537db8c
디비자산운용,퀀트운용본부 경력사원,대한민국,https://kr.indeed.com/viewjob?jk=eeeef3d29a52a970
온누리아이코리아,"UI/UX개발/고객행동분석 (Python, GA, Database)",서울 금천구,https://kr.indeed.com/viewjob?jk=91c9bd778eeb7299
현대엔지비,현대엔지비(주) IT연구개발 및 DB업무지원 분야 정규직 및 인턴,서울 성동구,https://kr.indeed.com/viewjob?jk=501920ec9638b068
테스트웍스,[테스트웍스] QA엔지니어 담당 경력직,서울 송파구,https://kr.indeed.com/viewjob?jk=15fa7235e775c5e4
크래프톤,(IT인프라) 보안팀 엔지니어,성남 백현동,https://kr.indeed.com/viewjob?jk=91d6041cfb272f25
더웨이브톡,코딩 가능한 기구설계 경력자,대전 유성구,https://kr.indeed.com/viewjob?jk=d468be18e96fd3ef
미래에셋제5호기업인수목적,[온라인공채] ZUM 데이터 엔지니어(경력),서울 서초구,https://kr.indeed.com/viewjob?jk=779e911056cbd9e6
파소나,[해외취업] 소프트 웨어 개발 엔지니어,대한민국,https://kr.indeed.com/viewjob?jk=d1725fbd4b0b1e5f
에프앤이노에듀,블록체인 시스템 엔지니어 양성과정,서울,https://kr.indeed.com/viewjob?jk=6ddd6cc2b78a4dcb
메가존,[메가존클라우드] 2020년 상반기 Commercial Tech 부문,서울 강남구,https://kr.indeed.com/viewjob?jk=fd2f650c2f0d4b5e
카카오엔터프라이즈,클라우드서비스 언더클라우드 서버 개발자 모집,성남 삼평동,https://kr.indeed.com/viewjob?jk=e315dc2d6850be87
네이버,[Robotics] Deep Reinforcement Learning Engineer,대한민국,https://kr.indeed.com/viewjob?jk=05d6f01f9a494a1b
십일번가,11번가 IaC(Infra as Code) Engineer 분야,서울 중구,https://kr.indeed.com/viewjob?jk=8f6cb0fb399e9e32
한국클라우드컴퓨팅연구조합,혁신성장 클라우드 아카데미 3기 교육생,서울,https://kr.indeed.com/viewjob?jk=f65e6c6054606b51
글로컬드림아카데미,"소프트웨어, 웹 개발자",충청남도 아산,https://kr.indeed.com/viewjob?jk=00d70b2fd76eb40f
두산 디지털이노베이션,경력사원 수시,서울,https://kr.indeed.com/viewjob?jk=dcafe087f86aaa47
에이스파트너스서치펌,(IT대기업)AI 활용방안모색/적용 전략 수립 (서울),서울 강남구,https://kr.indeed.com/viewjob?jk=62ddf29a73dbe387
Cover Genius,Client Solutions Engineer,서울,https://kr.indeed.com/viewjob?jk=9ec6ee8ffbdef537
트윔,"(주)트윔 개발자(경력직) 빅데이터,영상처리,머신비전/AI 딥러닝",경기도 화성,https://kr.indeed.com/viewjob?jk=af1c75601986e224
카카오엔터프라이즈,(클라우드서비스)네트워크 개발자 모집,성남 삼평동,https://kr.indeed.com/viewjob?jk=282b7f31b5737f09
다나와,기업부설연구소 경력직 채용공고,서울 목동,https://kr.indeed.com/viewjob?jk=1b7eb3866d9df69b
에이치랩,[에이치랩] 웹 개발자(Back-end),서울 마포구,https://kr.indeed.com/viewjob?jk=7f0f05a7cbb72be3
에바,"Python, C·C++ 가능한 영상처리/비젼 개발자 정규직",성남 수정구,https://kr.indeed.com/viewjob?jk=375b9893c3001c55
YH데이타베이스,개발자 경력직 (Java / python / c/c++) (주4.5일시행),대구 수성구,https://kr.indeed.com/viewjob?jk=c276ba4318bbb557
국내 IT 대기업,Cloud Storage Architect 국내 IT 대기업,서울특별시,https://kr.indeed.com/viewjob?jk=703240f1af245dde
IBM,Senior Business Transformation Consultant - Data and Analytics,서울,https://kr.indeed.com/viewjob?jk=bbf4dac3628bafe6
엑스큐어넷,기술지원엔지니어 & 연구개발직,서울 신사동,https://kr.indeed.com/viewjob?jk=0a3b0b6dfcd4ea4c
케이에스피소프트,프로그램개발자(JAVA/HTML5/PowerBuilder/앱/.NET/Python),서울 금천구,https://kr.indeed.com/viewjob?jk=4d904be195e1682c
케이포시큐리티,SI 프로젝트 개발자 (계약직 및 프리랜서),서울 구로구,https://kr.indeed.com/viewjob?jk=ee5df99ada829d81
사이언티픽아날로그,IC 설계자동화 (EDA) 소프트웨어 (XMODEL) 모델 개발자 / 응용 엔지니어 (AE),서울 서초구,https://kr.indeed.com/viewjob?jk=73c6e5163f131c23
에이아이웨어,인공지능 딥러닝 프로그램 개발 (C#/Python/C·C++),성남 분당구,https://kr.indeed.com/viewjob?jk=740e13288ddbbed3
네이버랩스,[Robotics] Deep Reinforcement Learning Engineer,성남 분당구,https://kr.indeed.com/viewjob?jk=4eed307c6e0ec07e
하나금융투자,파생운용실 전문계약직,대한민국,https://kr.indeed.com/viewjob?jk=66df90351d0897e2
에이치랩,[에이치랩] Front-end 개발자,서울 마포구,https://kr.indeed.com/viewjob?jk=a311c91c361c70f3
포커스에이치알,IT 솔루션 기업 기술지원 담당자 2명 (경력/신입),서울 강남구,https://kr.indeed.com/viewjob?jk=de763f010a5f1252
심플로지스,심플로지스와 미래 함께하실 유능한 인재(개발자 및 고객관리) 찾고 있습니다.,인천 연수구,https://kr.indeed.com/viewjob?jk=e5cee26a48a7c115
케이포시큐리티,기업부설연구소 경력직 연구원(정규직) 공개,서울 구로구,https://kr.indeed.com/viewjob?jk=94242432ba095bac
두산 정보통신,경력사원 수시,서울,https://kr.indeed.com/viewjob?jk=7adfd2b51f057d3a
Qualcomm,PMIC S/W APPS Engineering – Senior to Staff,서울,https://kr.indeed.com/viewjob?jk=01cdfff2d55c2fa5
헤르스,웹 개발자 (프론트엔드 신입/경력 무관,서울 광진구,https://kr.indeed.com/viewjob?jk=33ebcf38f48da430
알에스팀,(경력) 정규직 웹개발자,대전 서구,https://kr.indeed.com/viewjob?jk=ba26ecf33dcf82ad
에임하이글로벌,"[해외취업] 베리텍, 시스템개발자/응용프로그래머",대한민국,https://kr.indeed.com/viewjob?jk=ad1bf1198b168944
에임하이글로벌,"[해외취업] 누리누비, 시스템개발자/응용프로그래머",대한민국,https://kr.indeed.com/viewjob?jk=fbbf7d68c624426f
유저해빗,모바일앱 분석툴 유저해빗 웹개발자,서울 마포구,https://kr.indeed.com/viewjob?jk=7f28afa9faba22bd
MathWorks,Senior Application Engineer - Technical Computing and AI,서울,https://kr.indeed.com/viewjob?jk=66520543e9bb139c
해커스,DBA담당자,서울 강남구,https://kr.indeed.com/viewjob?jk=1f7f2b48cf91125b
이랜서,[정규직/본사근무] PHP 웹 개발자 (경력),서울 강남구,https://kr.indeed.com/viewjob?jk=93d6ecdb386e186f
Nexon,경험최적화파트 - 머신러닝 엔지니어,성남 분당구,https://kr.indeed.com/viewjob?jk=7bf179a290a157b2
Amazon Web Services Korea LLC,Senior Specialist Consultant - AI/ML,서울,https://kr.indeed.com/viewjob?jk=b51ca785a45edf17
블루솔루션즈,"C#, Python 개발자",서울 강남구,https://kr.indeed.com/viewjob?jk=d45658bc0b72314c
WDB공학,[해외취업] WDB공학 주식회사 IT 개발자-C/임베디드/어셈블러/Python,대한민국,https://kr.indeed.com/viewjob?jk=470bf09f03aa8f29
에이스파트너스서치펌,AI기반 Text Analytics 자연어분석텍스트처리(대리-과장급)6-12년,서울,https://kr.indeed.com/viewjob?jk=bde8a53c827f4e81
IBM,Data & AI Technical Specialist,서울,https://kr.indeed.com/viewjob?jk=9437c9fdc6462773
드래곤에이치알,국내 통신사 광고서비스 개발 PM,서울 마포구,https://kr.indeed.com/viewjob?jk=596eb018c75e8cf4
Nexon,"글로벌 플랫폼 쉴드 개발(인증보안,이상결제,평판 등)",성남 분당구,https://kr.indeed.com/viewjob?jk=07f425a9fb3ee67b
Nexon,고성능 게임 피드백 서버 개발,성남 분당구,https://kr.indeed.com/viewjob?jk=952e0a8d9bac4aea
Amazon Web Services Korea LLC,Data Scientist III,서울,https://kr.indeed.com/viewjob?jk=67ca30c143379281
티맥스소프트,[TmaxData/기술] 제품 QA 신입 및 경력,성남 분당구,https://kr.indeed.com/viewjob?jk=361120b70c6120d6
Wish,Sr. Software Engineer,서울,https://kr.indeed.com/viewjob?jk=4d40419f88f938c0
Amazon Web Services Korea LLC,Solutions Architect - Amazon Connect,서울,https://kr.indeed.com/viewjob?jk=5c6723a17ad467f6
"Advanced Energy Industries, Inc",Engineer II - Test GSO,서울,https://kr.indeed.com/viewjob?jk=962ccc68c40fa2d8
카카오,카카오 분석 플랫폼 경력 개발자,성남 판교역,https://kr.indeed.com/viewjob?jk=8ae7c240ef7d5f0b
카카오,데이터 사이언티스트 지향하는 데이터 엔지니어,성남 판교역,https://kr.indeed.com/viewjob?jk=385c58c7ced1d77b
카카오,카카오 전체의 사용자 플랫폼 만들 서버개발자,성남 판교역,https://kr.indeed.com/viewjob?jk=6d479593b544fa68
카이어,응용프로그램개발(C·C++/Python/C#外 2개 부문),서울 강남구,https://kr.indeed.com/viewjob?jk=58f5e1b4d914a043
테스트웍스,[테스트웍스] 응용프로그래머 담당 경력직,서울 송파구,https://kr.indeed.com/viewjob?jk=dc47d6c4c6f05698
Nexon,글로벌&모바일 플랫폼 운영을 담당할 를 합니다.,성남 분당구,https://kr.indeed.com/viewjob?jk=281fb1cb3dff0cf8
퓨쳐위즈,파이썬 중급개발자,서울 강남구,https://kr.indeed.com/viewjob?jk=5ee29e41129934a3
데이빅스,"서버·네트워크개발, 소프트웨어개발 외 경력 정규직",서울 구로구,https://kr.indeed.com/viewjob?jk=0b77f6f5f4862300
네이버랩스,[Robotics] Robot Software Engineer,성남 분당구,https://kr.indeed.com/viewjob?jk=afe049499a2a135a
심시스글로벌,개발자 경력직,서울 서초구,https://kr.indeed.com/viewjob?jk=8a1231f0c7062647
카카오,카카오톡 신규 서비스 서버 개발자,성남 판교역,https://kr.indeed.com/viewjob?jk=de210ffb5a9ee0c4
MightyHive,Technical Solutions Engineer,서울,https://kr.indeed.com/viewjob?jk=2d83dcf8baac736b
컨셉터스(CONCEPTERS),빅데이터 및 AI기반의 마케팅 마케터 및 플랫폼기획자,서울 강남구,https://kr.indeed.com/viewjob?jk=3d5fd9f21b2081c9
Amazon Web Services Korea LLC,Senior Data Scientist - AWS Professional Services,서울,https://kr.indeed.com/viewjob?jk=37da5b148b2d3ef4
Shopee,Cross Border Ecommerce - Business Intelligence (Based in Seoul),서울,https://kr.indeed.com/viewjob?jk=b574f1454ae36aab
Nexon,데이터인프라개발팀 - 데이터 플랫폼 엔지니어,성남 분당구,https://kr.indeed.com/viewjob?jk=73457e281df2be21
네이버,[Robotics] Robot Software Engineer,대한민국,https://kr.indeed.com/viewjob?jk=2531a0c578f5ca30
삼정 KPMG,[인턴] RCS(Risk Consulting Services) 본부 Forensic(Forensic Technology 팀) 업무보조 인턴,서울 강남구,https://kr.indeed.com/viewjob?jk=e4e36162481db73f
Amazon Web Services Korea LLC,Sr. Data Scientist,서울,https://kr.indeed.com/viewjob?jk=d63f81f49bfdc208
Bagelcode,데이터 사이언티스트 / Data Scientist,서울,https://kr.indeed.com/viewjob?jk=d0ae3cf7638734ac
네이버,[Autonomous Driving] Software Tool Engineer,대한민국,https://kr.indeed.com/viewjob?jk=84348b9371558933
Google,"Marketing Data Scientist, Google Professional Services",서울,https://kr.indeed.com/viewjob?jk=424144a5501748e2
카카오,[카카오 클라우드] 플랫폼 포털 개발자,성남 판교역,https://kr.indeed.com/viewjob?jk=383d4c8a7156b52b
키스채권평가,(KIS채권평가) 신입/경력 채용공고(평가사업본부),서울 여의도,https://kr.indeed.com/viewjob?jk=dedae92db8cf90d6
펄핏,AI Algorithm Developer,서울 강남구,https://kr.indeed.com/viewjob?jk=88b7dece067cd1c6
미스테리코,"Front-End Developer, Back-End Developer 경력 정규직",서울 마포구,https://kr.indeed.com/viewjob?jk=ace153a856846618
Nexon,소프트웨어 엔지니어,성남 분당구,https://kr.indeed.com/viewjob?jk=d71794dc69947981
아우름플래닛,Data Specialist (Scientist&&Engineer),서울 마포구,https://kr.indeed.com/viewjob?jk=dd4d8e59a4a9265d
Nexon,데이터인프라개발팀 - 데이터 엔지니어,성남 분당구,https://kr.indeed.com/viewjob?jk=c499b3dde5c2e196
리디,[라프텔] 서버(백엔드) 개발자,서울,https://kr.indeed.com/viewjob?jk=921ca2b37c6339df
Nexon,데이터플랫폼실 - Software Engineer,성남 분당구,https://kr.indeed.com/viewjob?jk=6ecc8058c1538843
이스트게임즈,1분기 Software Engineer,서울 서초구,https://kr.indeed.com/viewjob?jk=5b535959b55b796c
창운코리아,[FEG] 리버스 엔지니어,서울 구로구,https://kr.indeed.com/viewjob?jk=5faf4a69ab8c86ca
Nexon,네트워크 자동화 개발자,성남 분당구,https://kr.indeed.com/viewjob?jk=5ff17b27cd83a1c0
Nexon,데브옵스 솔루션 개발자,성남 분당구,https://kr.indeed.com/viewjob?jk=692486e7a2b0522e
파운트,파이썬SW 금융분야 특화 챗봇 개발 함께 할 엔지니어,서울 충정로역,https://kr.indeed.com/viewjob?jk=ffd9cedb23e97344
Amazon Web Services Korea LLC,Cloud Infrastructure Architect,서울,https://kr.indeed.com/viewjob?jk=d9470ee259f7457b
Nexon,이상탐지팀- 웹프로그래머,성남 분당구,https://kr.indeed.com/viewjob?jk=4a426e3ffacd161c
IGEWORLD,[해외취업] 애리조나에 위치한 물류서비스 회사 #N사 IT 인턴 !,대한민국,https://kr.indeed.com/viewjob?jk=34d498e0e05c5e60
버드뷰,Web 개발(이커머스 파트)_PHP/CodeIgniter/Javascript,서울 마포구,https://kr.indeed.com/viewjob?jk=3292e81e43884c67
Nexon,NXLog팀 - 소프트웨어 엔지니어,성남 분당구,https://kr.indeed.com/viewjob?jk=c13abffb44505877
Amazon Web Services Korea LLC,"Specialist Solutions Architect III, AI/ML",서울,https://kr.indeed.com/viewjob?jk=2625bdacef9c5d08
MightyHive,Lead Technical Solutions Engineer,서울,https://kr.indeed.com/viewjob?jk=ae2c6294bc277408
Amazon Web Services Korea LLC,Technical Trainer - Amazon Web Services,서울,https://kr.indeed.com/viewjob?jk=f044d9361c664f80
휴먼디지털,AI(인공지능) 개발자,서울,https://kr.indeed.com/viewjob?jk=d498993697237b33
Amazon Web Services Korea LLC,"Specialist Solutions Architect III, Analytics",서울,https://kr.indeed.com/viewjob?jk=604de7caa5f65310
딥엑스,RTL 및 ASIC 설계 엔지니어(딥러닝 하드웨어 프로세서 개발),성남 분당구,https://kr.indeed.com/viewjob?jk=254a4762b91cda74
링크샵스,링크샵스 플랫폼 개발 및 유지보수 담당,서울 중구,https://kr.indeed.com/viewjob?jk=a6d0f0030a9ad230
우아한 형제들,[배민서비스실] 소프트웨어 품질 엔지니어,서울 송파구,https://kr.indeed.com/viewjob?jk=8dfd75b2964c9c47
MightyHive,Analytics Specialist,서울,https://kr.indeed.com/viewjob?jk=419692b3ddb34768
여의시스템,산업용 S/W 프로그래밍 및 개발 전문연구요원 (병역특례),성남 중원구,https://kr.indeed.com/viewjob?jk=399cec6cd2a3b85b
Nexon,Software Engineer,성남 분당구,https://kr.indeed.com/viewjob?jk=49335253c9d14ed4
딜리버리히어로코리아,Discovery ML Engineer,서울 서초동,https://kr.indeed.com/viewjob?jk=b59aefbf5af2d7ea
Hewlett Packard Enterprise,Sales Manager (Born in the Cloud),서울,https://kr.indeed.com/viewjob?jk=4a51996b0442a445
스포카,스포카(도도포인트)프로그래머/PM/기획 채용,서울 역삼동,https://kr.indeed.com/viewjob?jk=c663e60e53d11e2b
포커스에이치알,IT 솔루션 기업 SW 개발자 2명 (경력 / 신입),서울 강남구,https://kr.indeed.com/viewjob?jk=1fba47127c0552ba
삼정 KPMG,[경력] 회계 감사 디지털 전문가 - DPP,서울 강남구,https://kr.indeed.com/viewjob?jk=ce78c705d4b6bced
브릭,Front end 개발자,성남 분당구,https://kr.indeed.com/viewjob?jk=cac18e6bcbee5a21
카카오엔터프라이즈,(AI기술) 언어교육용 AI기술 개발자 모집,성남 삼평동,https://kr.indeed.com/viewjob?jk=1da18f79e32a0631
Amazon Web Services Korea LLC,Senior Data Architect,서울,https://kr.indeed.com/viewjob?jk=06c262a673804071
글로벌터치코리아,[해외취업] SERAKU_WEB개발 엔지니어,대한민국,https://kr.indeed.com/viewjob?jk=e3ad69884cb3b2cb
블록체인씨앤에스,"딥러닝, 인공지능(AI) 외 경력 정규직",서울 성동구,https://kr.indeed.com/viewjob?jk=62d8726bc5e89cf8
웨이브릿지,성장하는 핀테크 스타트업 BackEnd Developer 경력직,서울 강남구,https://kr.indeed.com/viewjob?jk=f8ee4cfdf4dd6934
피스페이스,피스페이스_sw개발직 (시스템 SW 부문),성남 분당구,https://kr.indeed.com/viewjob?jk=9b0229da022a653a
Google,"Technical Solutions Consultant, Android TV Partner Engineering",서울,https://kr.indeed.com/viewjob?jk=92f04fc62c6d6a7a
Soomgo,Performance Marketer (SA 중심),서울 강남구,https://kr.indeed.com/viewjob?jk=08ac4426aa2a7bed
원오토메이션,웹개발자 모집,창원 의창구,https://kr.indeed.com/viewjob?jk=e4a8d8095243c5bb
우아한 형제들,[배민서비스실] 검색서비스 개발자,서울 송파구,https://kr.indeed.com/viewjob?jk=1241d1e756b15ce4
커리어라임즈,[대형보험사] 클라우드솔루션스아키텍트(Cloud SA) (사원~대리급),서울,https://kr.indeed.com/viewjob?jk=883224a16bb6a233
아이옵스,(주)아이옵스 S/W개발 경력사원,대전 유성구,https://kr.indeed.com/viewjob?jk=5b3c47309e4b6171
코리아서버호스팅,코리아서버호스팅 풀스택 경력,서울 서초구,https://kr.indeed.com/viewjob?jk=112b18e814dc90dc
株式会社ASCOM,[해외취업] 고급 IT 엔지니어,대한민국,https://kr.indeed.com/viewjob?jk=10ddf37c7b70f83b
네이버랩스,[Autonomous Driving] Software Tool Engineer,성남 분당구,https://kr.indeed.com/viewjob?jk=f13d84719e788dbb
엔아이티서비스,"(NIT Service) NAVER, LINE 서비스 플랫폼 운영",성남 삼평동,https://kr.indeed.com/viewjob?jk=c825cea80b04bb1d
Amazon Web Services Korea LLC,DevOps Consultant - Professional Services,서울,https://kr.indeed.com/viewjob?jk=204308e277d085e3
바질컴퍼니,머선비전 S/W 개발 경력 직원,부산 사상구,https://kr.indeed.com/viewjob?jk=b3d983e27dd5ffe8
에코소프트,Java/Jsp/Front-end/WEB 개발자,경기도,https://kr.indeed.com/viewjob?jk=e6ed4f83454aa0c3
Amazon Web Services Korea LLC,Cloud Application Architect - Professional Services,서울,https://kr.indeed.com/viewjob?jk=ff2f8c996186ab4d
㈜엘솔루,(주)엘솔루 개발자,서울,https://kr.indeed.com/viewjob?jk=2a1d77bd91952093
디노플러스,파이썬/자바스크립트 경력 정규직,서울 강남구,https://kr.indeed.com/viewjob?jk=81acb0a951cdde98
이투스교육,DX혁신부문 Tech Lab Senior Machine Learning & AI(Data professional) 정규직,서울 강남구,https://kr.indeed.com/viewjob?jk=9b09565fe78ef392
휴먼디지털,"모바일 앱 서버 개발(Java, Python)",서울,https://kr.indeed.com/viewjob?jk=16dff836029458af
이포넷,기술 지원 및 개발 가능한 Technical Su...,서울 삼성동,https://kr.indeed.com/viewjob?jk=99d1b2e25887707d
휴먼디지털,Big Data Engineer,서울,https://kr.indeed.com/viewjob?jk=6863b8ecbee9cb28
Yi INC. (Yi株式会社),"[해외취업] 일본기업/Yi주식회사/IT엔지니어 경력2년이상자/도쿄, 정사원",대한민국,https://kr.indeed.com/viewjob?jk=5f778071e9ca60ed
웨이브릿지,WaveBridge BackEnd Developer 경력직,서울 강남구,https://kr.indeed.com/viewjob?jk=ea7a7ab6e15151c1
이포넷,기술 지원 및 개발 가능한 Technical Support,서울 강남구,https://kr.indeed.com/viewjob?jk=dfbecf75e127cac1
서치펌 모멘텀HR 헤드헌팅 건,CTO 최고기술책임자,서울 강남구,https://kr.indeed.com/viewjob?jk=255dc6b8fa2e41ef
WangsuTech,Junior network admin,서울,https://kr.indeed.com/viewjob?jk=a030a599df3b6b76
Wayne Inc.,Linux Developer,인천,https://kr.indeed.com/viewjob?jk=898c115c445ae128
현대IT&E,2020년 현대IT&E 경력사원 상시,경기도,https://kr.indeed.com/viewjob?jk=c0386b0f6c835e25
ATZ Inc.,퀀트 개발자 (Quant Developer),서울,https://kr.indeed.com/viewjob?jk=f6fe4d192f210bc7
Streami,Software Engineer (Backend),서울,https://kr.indeed.com/viewjob?jk=b4cd3d301442dd16
(주)딕스코리아,Django + Python 웹개발,서울 가산디지털단지역,https://kr.indeed.com/viewjob?jk=d7a5d7d67068b597
"소프트웨어(IT인프라,IT위협관리,IT정보관리) 개발,공급, 통신장비 제조등",보안개발팀 엔진파트 GO Python C 등의 개발언어 구현 가능자,서울 구로구,https://kr.indeed.com/viewjob?jk=f400dbcb5e317e9f
신세계,[신세계아이앤씨] (주)신세계아이앤씨 상반기 AI/기획/데이터분석 부문 인재모집,대한민국,https://kr.indeed.com/viewjob?jk=5830d6032e92599e
글로벌 소비재기업,글로벌 소비재기업 APAC담당 Sr. Enterprise Architect 포지션 ASAP,서울,https://kr.indeed.com/viewjob?jk=8405cf7fad057a1a
MIND AI,AI Scientist - Symbolic AI (Natural Language Reasoning),서울,https://kr.indeed.com/viewjob?jk=7b96b63ac704d98a
Coupang,Business Analyst (Search and Discovery Analytics),서울,https://kr.indeed.com/viewjob?jk=8d0b3a79363b5a69
현대자동차,AI agent QA(Quality Assurance) Engineer,대한민국,https://kr.indeed.com/viewjob?jk=7ef22311fbf5c3c0
신세계,[신세계아이앤씨] (주)신세계아이앤씨 상반기 시스템운영/개발 부문 인재모집,대한민국,https://kr.indeed.com/viewjob?jk=39c7aea684076307
Bagelcode,주니어 데이터 엔지니어 / Junior Data Engineer,서울,https://kr.indeed.com/viewjob?jk=65232d6e37b8f7fb
Kinaxis,Solution Architect,서울,https://kr.indeed.com/viewjob?jk=606646e13ad5c569
홍익대학교 무인이동체자율항법연구실,R&D 연구원,서울 마포구,https://kr.indeed.com/viewjob?jk=40acc204682e5219
광주과학기술원,인간중심 지능형 시스템 연구실 시간제 연구원,광주 북구,https://kr.indeed.com/viewjob?jk=67503f27b0365593
Coupang,Senior Business Analysis (Strategic Planning),서울,https://kr.indeed.com/viewjob?jk=5f3b7800e776da58
Terra,Core Researcher,서울,https://kr.indeed.com/viewjob?jk=89a689a00d8170bc
(주)트리플렛,AI/IoT 연구 개발자 채용,서울 마포구,https://kr.indeed.com/viewjob?jk=82f5d2aebb1bbf3a
Coupang,"Director, Software Engineering (Coupang Eats)",서울,https://kr.indeed.com/viewjob?jk=a6a4b500fa0340d4
5년차 소프트웨어 개발 중소기업,소프트웨어 아키텍트,서울 마포구,https://kr.indeed.com/viewjob?jk=f53ddadeae2f3625
Tapjoy,Data Scientist,서울,https://kr.indeed.com/viewjob?jk=40454c3ae7eb142d
SendBird,Developer Advocate,서울,https://kr.indeed.com/viewjob?jk=dc821489255954fd
큐브리드,CUBRID 오픈 소스 프로젝트 개발,서울 강남구,https://kr.indeed.com/viewjob?jk=c7a6cbee7ca553f4
Asiance,Junior Full-Stack Developer,서울,https://kr.indeed.com/viewjob?jk=7268328c0d71d81c
광주과학기술원,지스트 블록체인인터넷경제연구센터 계약직(연구원),광주 북구,https://kr.indeed.com/viewjob?jk=ab157cc80acdbe96
광주과학기술원,지스트 블록체인경제센터 계약직연구원,광주 북구,https://kr.indeed.com/viewjob?jk=a7c68eba65a950aa
대기업(유명그룹사),"대기업 딥러닝 / 빅데이터 프로젝트 경력자 (석사학위이상, 근무지-전남)",전라남도 광양,https://kr.indeed.com/viewjob?jk=afa331eb050128f9
Coupang,"Principal, QA Engineer (Seller Portal)",서울,https://kr.indeed.com/viewjob?jk=73ecc36bb6231f81
광주과학기술원,지스트 블록체인경제센터(강남소재) 계약직(연구원),광주 북구,https://kr.indeed.com/viewjob?jk=674370fd38bce0dd
Coupang,Data Analyst (FC & Transportation),서울,https://kr.indeed.com/viewjob?jk=872e4ef109d7872a
케이원파트너스,Python 백앤드엔지니어,서울 서초구,https://kr.indeed.com/viewjob?jk=49fa26d981f65ae7
금융대기업 연구소,금융대기업 Data Scientist 채용 (선임~수석),서울,https://kr.indeed.com/viewjob?jk=88ac31d32dd114a5
Terra,Data Scientist,서울,https://kr.indeed.com/viewjob?jk=83883bfd1f662d69
Coupang,Principle Business Analysis (eCommerce Finance),서울,https://kr.indeed.com/viewjob?jk=1ea7188c1b87f679
IT대기업,IT대기업 데이터 분석/마케팅/컨설팅/전략/기획,서울,https://kr.indeed.com/viewjob?jk=ac0685d33e903fb5
"Moloco, Inc.",Software Engineer - Seoul,서울,https://kr.indeed.com/viewjob?jk=4206cd042c6633c1
Coupang,Data Analyst (CRM),서울,https://kr.indeed.com/viewjob?jk=e36af236652e8e9d
광주과학기술원,지스트 블록체인경제센터(강남소재) 계약직연구원,광주 북구,https://kr.indeed.com/viewjob?jk=794e209e405f4fc0
SendBird,Sales Engineer (APAC),서울,https://kr.indeed.com/viewjob?jk=e38f22d6852a857a
ODK Media Inc,Software Engineer,서울 강남구,https://kr.indeed.com/viewjob?jk=83ff9361159cd219
광주과학기술원,차세대 광-무선 가입자망 연구센터 연구전담교수,광주 북구,https://kr.indeed.com/viewjob?jk=05439002712f8135
SendBird,Software Engineer - Back-end Web,서울,https://kr.indeed.com/viewjob?jk=615168b399422305
Coupang,"Principal, Strategic Planning",서울,https://kr.indeed.com/viewjob?jk=8b29e16a2f9665f2
광주과학기술원,인간중심 지능형 시스템 연구실 위촉연구원,광주 북구,https://kr.indeed.com/viewjob?jk=9fb50d6eec9e7045
Coupang,Data Scientist(SCM S&OP),서울,https://kr.indeed.com/viewjob?jk=1c90165f772bc595
Coupang,Database Engineer (Storage Platform),서울,https://kr.indeed.com/viewjob?jk=94f2bbbeb53f3458
Terra,Back-end Engineer,서울,https://kr.indeed.com/viewjob?jk=f915f667e4052f91
광주과학기술원,지구·환경공학부 환경시스템공학 연구실 위촉연구원,광주 북구,https://kr.indeed.com/viewjob?jk=d425b24146af3fa1
Bagelcode,주니어 데이터 사이언티스트 / Junior Data Scientist,서울,https://kr.indeed.com/viewjob?jk=81848f01b547f90b
광주과학기술원,전기전자컴퓨터공학부(바이오컴퓨팅연구실) 위촉연구원,광주 북구,https://kr.indeed.com/viewjob?jk=98c2229e57d4ee1f
Ever Better Recruitment (EBR),Customer Facing Data Scientist,서울,https://kr.indeed.com/viewjob?jk=b06176c3a7092e0a
4차산업 공장 자동화 기기 및 소프트웨어,"로봇관련, R&D_로봇 Skill 개발",경기도 수원,https://kr.indeed.com/viewjob?jk=50d0ae3f24a94532
광주과학기술원,기후 분석&모델링연구실 시간제연구원,광주 북구,https://kr.indeed.com/viewjob?jk=78d1ec77f4a5e0dc
(주)씨앤에이코리아,[글로벌 Vacuum Pump 제조사] S/W Test Engineer 경력직 채용,천안 서북구,https://kr.indeed.com/viewjob?jk=7bb1e2b604c071e6
myrealtrip,데이터 엔지니어,서울,https://kr.indeed.com/viewjob?jk=0aa5f158999a8f91
"Miso, inc",Data Analyst,서울,https://kr.indeed.com/viewjob?jk=4a94f2401f999ab6
광주과학기술원,블록체인인터넷경제 연구센터 위촉연구원,광주 북구,https://kr.indeed.com/viewjob?jk=77d8e0149dad533b
광주과학기술원,블록체인인터넷경제연구센터 위촉연구원,광주 북구,https://kr.indeed.com/viewjob?jk=3e80435be74cd28f
Coupang,"Principal, Data Engineer (EDW Data Processing)",서울,https://kr.indeed.com/viewjob?jk=f79f6cd3e91fcc1a
국내자본 저축은행,저축은행 앱마케팅팀 데이터분석,서울 구로구,https://kr.indeed.com/viewjob?jk=0ab285258b1cb206
Asiance,Senior Full-Stack Developer,서울,https://kr.indeed.com/viewjob?jk=dcbce45dbe2d3679
차량IT 전문 기업 (대기업),대기업 검색엔진 개발 (대리과장급),서울,https://kr.indeed.com/viewjob?jk=c62452e8da21acb5
Bear Robotics,Senior Robotics Software Engineer,서울,https://kr.indeed.com/viewjob?jk=674466316840f8f5
Coupang,"Principal, Data Scientist (Data Platform)",서울,https://kr.indeed.com/viewjob?jk=f8de9004dab92f5d
Asiance,Senior Back-end Developer,서울,https://kr.indeed.com/viewjob?jk=27352452ed0a0ea9
Coupang,"Principal, Back-end Engineer (Seller Portal)",서울,https://kr.indeed.com/viewjob?jk=dbe0f6f7da20d201
SendBird,Technical / UX Writer,서울,https://kr.indeed.com/viewjob?jk=e5c63f4e86ceefda
Bagelcode,데이터 분석가 / Business Analyst,서울,https://kr.indeed.com/viewjob?jk=f10477b81840d778
Coupang,"Senior, Software Engineer (Search Quality Assurance)",서울,https://kr.indeed.com/viewjob?jk=7a08f5e589b10a00
Coupang,"Principal, Data Engineer (Pricing Tech)",서울,https://kr.indeed.com/viewjob?jk=ed3686b9c2eea9ad
국내자본 저축은행,ICT 서비스본부 디지털LAB,서울 구로구,https://kr.indeed.com/viewjob?jk=e0751dcb592aa9cc
Pure Storage,"Technical Design Architect, South Korea",서울,https://kr.indeed.com/viewjob?jk=1124955926b2559b
Coupang,"Senior, Database Engineer (Storage Platform)",서울,https://kr.indeed.com/viewjob?jk=5a0b53c0cc23d9a7
Coupang,"Principal, Business Analysis (Coupang Eats)",서울,https://kr.indeed.com/viewjob?jk=2cca42ee0951d4be
Coupang,Principal Business Analysis (Growth Marketing Analytics),서울,https://kr.indeed.com/viewjob?jk=2b8a63d6cc91a04c
해외송금 전문업체,Data Scientist,서울 강남구,https://kr.indeed.com/viewjob?jk=e8d1c3f88e0b200b
Coupang,"Principal, Data Engineer (Pricing Competitor Intelligence)",서울,https://kr.indeed.com/viewjob?jk=c16d65e660e7e744
차량IT 전문 기업 (대기업),대기업 DBA 경력자 채용 (대리과장급),서울,https://kr.indeed.com/viewjob?jk=ae2fb57113a077bc
국내자본 저축은행,저축은행 디지털 LAB,서울 구로구,https://kr.indeed.com/viewjob?jk=a58b91ab3d74f02d
국내자본 저축은행,저축은행 다이랙트마케팅팀 데이터분석,서울 구로구,https://kr.indeed.com/viewjob?jk=79da9b878d3d8709
Coupang,Senior Business Analyst (Retail Program Management),서울,https://kr.indeed.com/viewjob?jk=7772fd53bc80acde
국내자본 저축은행,디지털LAB 신기술파트,서울 구로구,https://kr.indeed.com/viewjob?jk=d24428ed26f0b058
국내자본 저축은행,저축은행 디지털뱅킹팀 데이터분석 경력,서울 구로구,https://kr.indeed.com/viewjob?jk=53ced11b1e0addce
국내자본 저축은행,저축은행 소비자금융 Data Science,서울 구로구,https://kr.indeed.com/viewjob?jk=9cd311595b3e4bea
"Miso, inc",VP of Engineering,서울,https://kr.indeed.com/viewjob?jk=f5db97b4d95cbc04
Coupang,Sr. Back-end Engineer (Query Understanding),서울,https://kr.indeed.com/viewjob?jk=0df2999925f12355
국내자본 저축은행,저축은행 디지털뱅킹팀 데이터분석,서울 구로구,https://kr.indeed.com/viewjob?jk=51dcabafcf7a0bb0
국내자본 저축은행,저축은행 디지털마케팅본부 데이터분석 경력자,서울 구로구,https://kr.indeed.com/viewjob?jk=074bbbc1b7c4d596
유명메신저회사,서버 개발자,서울 강남구,https://kr.indeed.com/viewjob?jk=a9374a4682dc1b1f
국내자본 저축은행,저축은행 앱마케팅팀,서울 구로구,https://kr.indeed.com/viewjob?jk=35cefd4d91c7b366
"Miso, inc",Full Stack Developer,서울,https://kr.indeed.com/viewjob?jk=754348a9c3f08d66
"Miso, inc",Back-end Developer,서울,https://kr.indeed.com/viewjob?jk=80d3108dade97b0f
국내자본 저축은행,저축은행 소비자금융 Data Science 팀 ( 지원마감 ),서울 구로구,https://kr.indeed.com/viewjob?jk=c5e568ffa92ca5dc
국내자본 저축은행,저축은행 소비자금융 Data Science 팀,서울 구로구,https://kr.indeed.com/viewjob?jk=45f67a798ab15d10
에너지 거래소 및 에너지데이터 중개,시스템 프로그래머,서울,https://kr.indeed.com/viewjob?jk=33fbfcd01ae23602
국내자본 저축은행,저축은행 소비자금융본부 Data Science 팀,서울 구로구,https://kr.indeed.com/viewjob?jk=7376f377161ea4f2
"Miso, inc",Front-end Developer,서울,https://kr.indeed.com/viewjob?jk=9f7d7cbe5e172a01
국내자본 저축은행,디지털마케팅본부 수신상품 기획 및 전략수립 경력자,서울,https://kr.indeed.com/viewjob?jk=509e7ab10e54f962
유명메신저회사,운영(Business Operation Management) 경력자,서울 성동구,https://kr.indeed.com/viewjob?jk=caccb1d9be6bc918
에너지 거래소 및 에너지데이터 중개,Data Scientist,서울,https://kr.indeed.com/viewjob?jk=1622a08497f8c091
Beam,Operations Associate (운영팀원) - 한국,서울,https://kr.indeed.com/viewjob?jk=e58c6fe6fd87f03e
"Miso, inc",React Native Developer,서울,https://kr.indeed.com/viewjob?jk=315c65b8337d3e7a
신재생에너지 분야 솔루션기업,Fullstack SW개발자,성남 판교역,https://kr.indeed.com/viewjob?jk=a2089ff8a19a429f
Beam,Operations Manager (운영팀장) - 한국,서울,https://kr.indeed.com/viewjob?jk=43bf0c7e2b10e9b5
TV홈쇼핑,DevOps 엔지니어(과장~차장급),성남 판교역,https://kr.indeed.com/viewjob?jk=8af16ddc1e1a33b3
네이버,[Search & Clova] Clova AI 인재,대한민국,https://kr.indeed.com/viewjob?jk=92bd400e3b5306ba
네이버,[전문연구요원] 상시,대한민국,https://kr.indeed.com/viewjob?jk=b79c2ae536063b01
네이버,[Search & Clova] 네이버 Data Science 데이터 분석 신입/경력사원,대한민국,https://kr.indeed.com/viewjob?jk=9e73c6c0c12902dd
네이버,Global Music 데이터 분석가 연계형 인턴십,대한민국,https://kr.indeed.com/viewjob?jk=2cd6b141cc9905a7
현대트랜시스,2020년 경력 및 신입사원,충청남도 서산,https://kr.indeed.com/viewjob?jk=e92e9a3502845754
SAP,Student Intern (South Korea),서울,https://kr.indeed.com/viewjob?jk=f83c468b246ce9ef
앰코테크놀로지코리아,2020년 RF/Package설계/Test개발 신입/경력,인천 연수구,https://kr.indeed.com/viewjob?jk=ca3ae9fb21acddd3
Applied Materials Inc.,Process & Data Scientist,대한민국,https://kr.indeed.com/viewjob?jk=b87ff4aabad6e65e
네이버,[Search & Clova] Commerce AI 기술 개발 신입/경력사원,대한민국,https://kr.indeed.com/viewjob?jk=faf0422473d4188a
카카오,데이터 분석가,성남 판교역,https://kr.indeed.com/viewjob?jk=092d062a6faa7139
thecompany,2020년 신규 개발자,경상남도,https://kr.indeed.com/viewjob?jk=5699cdfbc747b0bd
LG유플러스,AI/빅데이터 분야 (인재 Pool),서울,https://kr.indeed.com/viewjob?jk=fb617eeb80ea6fa9
Hewlett Packard Enterprise,Application Analyst,대전,https://kr.indeed.com/viewjob?jk=c3c0448a294b2db0
LG상사,2020년 경력사원 공개 (접수기한 연장),서울 종로구,https://kr.indeed.com/viewjob?jk=ff04e97830ca895a
네이버,[동영상플랫폼] 연계형 인턴십,대한민국,https://kr.indeed.com/viewjob?jk=e65a195da656bcdc
Garrett Advancing Motion,Algorithm Application Engineer,경기도,https://kr.indeed.com/viewjob?jk=8c47e8f334705d2e
울산과학기술원,2019 Military Service Exemption Position Available at the IBS CMCM (Synthetic Organic/Polymer Chemistry OR Theoretical Study of Carbon and Related Materials),울산 언양읍,https://kr.indeed.com/viewjob?jk=8becbf73bbda7c96
Process Systems Enterprise Limited,Senior Consultant / Applications Engineers,대전,https://kr.indeed.com/viewjob?jk=1b0be42764835ab3
네이버,[Search & Clova] NAVER Search 이미지 검색서버개발 신입/경력사원,대한민국,https://kr.indeed.com/viewjob?jk=a771637c0eeffc26
네이버,네이버 쇼핑검색플랫폼 개발자,대한민국,https://kr.indeed.com/viewjob?jk=f3a14b3f8d9e3e12
SiFive,Physical Implementation Engineer,대한민국,https://kr.indeed.com/viewjob?jk=55537575b7dd8d87
LG CNS,경력,서울,https://kr.indeed.com/viewjob?jk=3ecd87a745e7b526
OSF Commerce,Solution Architect,대한민국,https://kr.indeed.com/viewjob?jk=80aabe146d2855e5
Nielsen,Data Analyst,서울,https://kr.indeed.com/viewjob?jk=86c5a66bf9468e1c
NAVER,Global Music 데이터 분석가 채용연계형 인턴십 모집,성남 정자동,https://kr.indeed.com/viewjob?jk=9000605ffc33a5d2
네이버,[Search & Clova] AI 시스템 (성능) 개발자 신입/경력사원,대한민국,https://kr.indeed.com/viewjob?jk=9136552822e7c54f
Axiologic Solutions,Data Analyst,서울,https://kr.indeed.com/viewjob?jk=eb45c08f4c4a43d8
Hewlett Packard Enterprise,Systems Engineer,대전,https://kr.indeed.com/viewjob?jk=6ed2963730d3c340
에이스파트너스서치펌,AI 플랫폼 구조개선/운영 효율화(서울)[IT대기업],대전,https://kr.indeed.com/viewjob?jk=e9bc57465b1eefbd
Google,"Research Intern, 2020",서울,https://kr.indeed.com/viewjob?jk=9a17133e36675189
Nexon,정보보안 담당자,성남 분당구,https://kr.indeed.com/viewjob?jk=e1719c3044cb5bd1
마이뮤직테이스트,Developer / Designer recruit,서울 논현동,https://kr.indeed.com/viewjob?jk=55a19c92c845685e
Boston Consulting Group,Data Scientist,서울,https://kr.indeed.com/viewjob?jk=ce6747e77c861c46
에이스파트너스서치펌,[IT대기업] AI 플랫폼 구조개선/운영 효율화(서울),대전,https://kr.indeed.com/viewjob?jk=2b9fb5a808dc9f35
한국정보기술단,"데이터 분석 및 컨설팅 분야(Python, SAS, 빅데이터-신입)",서울 서초구,https://kr.indeed.com/viewjob?jk=640c9858f4f3b2f6
동대문여성인력개발센터,동대문구 국비 무료 훈련생,서울 동대문구,https://kr.indeed.com/viewjob?jk=2f64e12e457da027
네이버,네이버 UGC 데이터 분석/운영 개발자,대한민국,https://kr.indeed.com/viewjob?jk=fd67d04ed1642339
Microsoft,Support Engineer,서울,https://kr.indeed.com/viewjob?jk=0bbf23c0930be392
Continental,Financial Controller with Data Science,대한민국,https://kr.indeed.com/viewjob?jk=6218cd959f0f6bd4
그룹 IT 인프라 구축,AI 기반 로봇 서비스 개발 그룹 IT 인프라 구축,서울특별시,https://kr.indeed.com/viewjob?jk=d9086035792f01d0
네이버,네이버 일본 맛집 서비스 CONOMI 머신러닝 개발자,대한민국,https://kr.indeed.com/viewjob?jk=feac8a234b715106
심시스글로벌,2020년 개발자/경영지원,서울 서초구,https://kr.indeed.com/viewjob?jk=69bcbac49023acae
위메프,[개발]Data Scientist (정규직),대한민국,https://kr.indeed.com/viewjob?jk=ae63a69b12752674
대그룹계열제조사,제조공정Deep Learning/AI 전문가 대그룹계열제조사,서울특별시,https://kr.indeed.com/viewjob?jk=c2bc15d755c2e44a
신한에이아이,신한AI 인공지능(AI) / IT 개발관리 / 준법감시 인력,서울 영등포구,https://kr.indeed.com/viewjob?jk=e7c6a0167c5bbbf4
POSTECH / Max Planck POSTECH/KOREA Res. Init.,MPK / MPI-SD Joint Postdoctoral Position for Ultrafast Nonlinear Spectroscopy in Solids (Theory),대한민국,https://kr.indeed.com/viewjob?jk=e11bc11a4d72cc54
글로벌브릿지,"AI, eIoT sw 개발자",인천 연수구,https://kr.indeed.com/viewjob?jk=d7bcd63e56a64f2b
신세계아이앤씨,(주)신세계아이앤씨 상반기 시스템운영/개발 부문 인재,서울 중구,https://kr.indeed.com/viewjob?jk=b55d3d20f915df43
thecompany,안드로이드/ 윈도우서버 스프링 개발자 / 풀스택 개발자 정규직,경상남도,https://kr.indeed.com/viewjob?jk=879b70d978f1c14f
Google,"Customer Solutions Engineer, Global Client and Agency Solutions",서울,https://kr.indeed.com/viewjob?jk=2615f45e6f912c05
네이버,[Search&Clova] Clova 챗봇 Platform 개발 신입/경력사원,대한민국,https://kr.indeed.com/viewjob?jk=b2cfcc7d4b79c216
BOEING,Avionics Software Engineer Intern,서울,https://kr.indeed.com/viewjob?jk=41e16c5d37456c7d
써로마인드로보틱스,기술 인턴 인공지능 응용 연구/개발 인턴,서울 관악구,https://kr.indeed.com/viewjob?jk=71c47ac87bb4087e
카카오,추천 통계분석/데이터사이언티스트,성남 판교역,https://kr.indeed.com/viewjob?jk=bfe0f5ac4f32ec89
리디,백엔드 엔지니어 (e-커머스),서울특별시,https://kr.indeed.com/viewjob?jk=fb0d4b29731b536d
SiFive,Design for Test (DFT) Engineer,대한민국,https://kr.indeed.com/viewjob?jk=6c6ccc05ec15dc41
네이버,[네이버파이낸셜] CSS 모델 개발 및 운영 담당자,대한민국,https://kr.indeed.com/viewjob?jk=20604c00a91032e4
한국정보기술단,주요정보통신기반시설 취약점분석평가 전문인력(경력직),과천 과천시,https://kr.indeed.com/viewjob?jk=f8b1270b1176f7f3
네이버,[Search & Clova] 글로벌 콘텐츠 검색/ AI 기술 개발 신입/경력사원,대한민국,https://kr.indeed.com/viewjob?jk=90104004fabe2502
에듀테크 선두기업,데이터분석(대리이상) 에듀테크 선두기업,서울특별시,https://kr.indeed.com/viewjob?jk=e6102500056b81b1
퓨처메인,"응용프로그램개발, 인공지능 신입/경력 정규직",수원 영통구,https://kr.indeed.com/viewjob?jk=d0650e2aa74d1287
Nexon,메시지발송 플랫폼 개발자,성남 분당구,https://kr.indeed.com/viewjob?jk=eaee1538d8cc832f
카카오,대용량 분산 스토리지 개발자,성남 판교역,https://kr.indeed.com/viewjob?jk=37d1f6dbb37f8a38
카카오,[월간 카카오 3월] AdTech/비즈플랫폼 주니어 경력 개발자,대한민국,https://kr.indeed.com/viewjob?jk=95ac4ab8946165ed
네이버,[Search&Clova] Clova AI AiCall 개발자 경력사원,대한민국,https://kr.indeed.com/viewjob?jk=7db25ada717266e0
네이버,[Search & Clova] BigData and AI Platform S/W엔지니어 신입/경력사원,대한민국,https://kr.indeed.com/viewjob?jk=7d85150a375cfacf
Supercell,Data Scientist,서울,https://kr.indeed.com/viewjob?jk=554c2e55cc985488
Nexon,유저프로파일팀 - 데이터 모델러,성남 분당구,https://kr.indeed.com/viewjob?jk=8dfc9993e2aa9160
Nexon,분석지원팀 - 데이터 분석가,성남 분당구,https://kr.indeed.com/viewjob?jk=4233609a843b5e96
카카오,카카오톡 보이스톡/페이스톡/라이브톡 개발자,성남 판교역,https://kr.indeed.com/viewjob?jk=d585814d097935eb
Nexon,분석 플랫폼 웹 프론트 엔지니어,성남 분당구,https://kr.indeed.com/viewjob?jk=eeb027369cdab361
Cloudera,Solutions Architect,대한민국,https://kr.indeed.com/viewjob?jk=a459013391a3d600
Synopsys,"Design Consultant, Sr II",대한민국,https://kr.indeed.com/viewjob?jk=33da210b05e4dac7
BOEING,BR&T Software Engineer Intern,서울,https://kr.indeed.com/viewjob?jk=b19575486d134ab7
네이버,[Search & Clova] 네이버 웹검색 연구/개발 경력사원,대한민국,https://kr.indeed.com/viewjob?jk=37127548f83bb7f7
카카오,챗봇 플랫폼 개발자,성남 판교역,https://kr.indeed.com/viewjob?jk=20d40ee61adffeca
Google,"Partner Engineer, Google Assistant",서울,https://kr.indeed.com/viewjob?jk=c6398dbbd3c4f4d9
Nexon,솔루션 프론트엔드 개발자,성남 분당구,https://kr.indeed.com/viewjob?jk=273d830a0c62aedd
위메프,[개발]상담시스템 백엔드 개발자(정규직),대한민국,https://kr.indeed.com/viewjob?jk=9b123ff73f89c0e5
BOEING,Application Backend Developer,서울,https://kr.indeed.com/viewjob?jk=a8ed60198075d112
Nexon,광고팀 - 분석가,성남 분당구,https://kr.indeed.com/viewjob?jk=3a08c7089343733d
Global Green Growth Institute,Consultant: Green Growth Index Simulation Tool Programmer/Modeler,대한민국,https://kr.indeed.com/viewjob?jk=e26a3d7d12a95bd8
Google,"Software Engineer, University Graduate",서울,https://kr.indeed.com/viewjob?jk=effcb5381cceb13b
카카오,추천 시스템 소프트웨어 엔지니어,성남 판교역,https://kr.indeed.com/viewjob?jk=07375dc4e800dfa9
IQVIA,Healthcare Real World Data Analyst 담당자,서울,https://kr.indeed.com/viewjob?jk=a39853230d5ceca8
NVIDIA,Product Test Engineer - GPU,서울,https://kr.indeed.com/viewjob?jk=48ca423ba9cc3be4
네이버,[Autonomous Driving] Virtual Environment Simulation Engineer,대한민국,https://kr.indeed.com/viewjob?jk=5ed0334bca0963cb
위메프,[개발]위메프패션 백엔드 개발자(정규직),대한민국,https://kr.indeed.com/viewjob?jk=b0e9252f0c2cf6ec
Oracle,System Administrator 2-IT (Datacenter Engineer),서울,https://kr.indeed.com/viewjob?jk=55dd3a1ce1248639
Microsoft,Support Engineer _ Devices & IoT,서울,https://kr.indeed.com/viewjob?jk=7af1798e214d4067
카카오,카카오 네트워크 엔지니어,성남 판교역,https://kr.indeed.com/viewjob?jk=f281c810daf0e10d
에이치알니즈,[유통대기업] 데이터 분석 (팀장/팀원 - 3명) 경력,서울,https://kr.indeed.com/viewjob?jk=e8096b963d7ee409
Nexon,이탈방지팀-서비스 개발자,성남 분당구,https://kr.indeed.com/viewjob?jk=691f61972f31c777
넥스텝코리아,웹프로그래머 (FrontEnd) 기업부설연구소 연구원 #python #js #FullStack #모바일,서울 용산구,https://kr.indeed.com/viewjob?jk=950367c9910738e4
리디,데이터 엔지니어,서울특별시,https://kr.indeed.com/viewjob?jk=1937ebb0ea172f08
Bloomberg,2020 Market Data Analyst - Seoul (Korean Speaker),서울,https://kr.indeed.com/viewjob?jk=212ca67d161b7162
Soomgo,Business Data Analyst,서울 강남구,https://kr.indeed.com/viewjob?jk=166aa0c72e94a266
Qualcomm,Staff RF Production Test Engineer,서울,https://kr.indeed.com/viewjob?jk=b085b3c302873fcc
펜타시큐리티시스템,[펜타시큐리티/아우토크립트] 차량 보안 솔루션 연구개발자,서울 영등포구,https://kr.indeed.com/viewjob?jk=55dfa0b257382e60
카카오,MongoDB Engineer,성남 판교역,https://kr.indeed.com/viewjob?jk=2695294aea6dc3b6
Qualcomm,RF SW Engineer,서울,https://kr.indeed.com/viewjob?jk=2a4041f0b6aeb27b
Intel,Platform Application Engineer,서울,https://kr.indeed.com/viewjob?jk=0c73ef7efc258db7
LG이노텍,광학솔루션사업부 경력사원 (인재Pool),경상북도 구미,https://kr.indeed.com/viewjob?jk=b8f9206dc9c4a886
카카오,추천 시스템 연구/개발,성남 판교역,https://kr.indeed.com/viewjob?jk=be6c1f03fa566f8e
Nexon,데이터수집개발파트,성남 분당구,https://kr.indeed.com/viewjob?jk=475cc377417d9a5b
위메프,[개발]위메프오 서비스 서버개발자(정규직),대한민국,https://kr.indeed.com/viewjob?jk=5f3a399e83a81379
Electronic Arts,[인재풀] 아티스트,서울,https://kr.indeed.com/viewjob?jk=aac8e9355cb855ac
Soomgo,Back-end Engineer (Python),서울 강남구,https://kr.indeed.com/viewjob?jk=752a4b5d63eac97c
에이스파트너스서치펌,Public 클라우드 환경 AI 플랫폼 상용화/ 구조개선/운영 효율화,서울,https://kr.indeed.com/viewjob?jk=efdbdb9cb734f9c4
카카오,MySQL Engineer,성남 판교역,https://kr.indeed.com/viewjob?jk=dd06066d79860614
커리어라임즈,[대형보험사] 데이터 분석가 (사원~과장급),서울,https://kr.indeed.com/viewjob?jk=68db00885a3fc1ae
WORKPORT,[해외취업] IT개발자 정사원,대한민국,https://kr.indeed.com/viewjob?jk=2e33029834281905
딜리버리히어로코리아,2020 상반기 개발직군,서울 서초구,https://kr.indeed.com/viewjob?jk=518298c796a11371
Byzantine Partners,Junior Quant Trader,서울,https://kr.indeed.com/viewjob?jk=25725b3c0e607311
카카오,"데이터 가치 함께 발굴하실 머신러닝, 통계 모델링 전문가",성남 판교역,https://kr.indeed.com/viewjob?jk=d1e75364ef505c68
에스티앤아이,로봇 시뮬레이션 API 개발자,울산 중구,https://kr.indeed.com/viewjob?jk=555a71e0e76fb314
NVIDIA,"Computer Vision Engineer, Perception – Autonomous Vehicles",서울,https://kr.indeed.com/viewjob?jk=f775c2b405edea87
Microsoft,Support Engineer _ Azure PaaS,서울,https://kr.indeed.com/viewjob?jk=01bc879744c28f9c
위메프,[개발]웹 서비스 개발자(정규직),대한민국,https://kr.indeed.com/viewjob?jk=9bff6cc5a8f53e6e
하나금융티아이,"(하나금융융합기술원) AI/Bigdata 석,박사 연구원(경력직) 채용(지식 엔지니어링)",인천 검암경서동,https://kr.indeed.com/viewjob?jk=a2b3aa4885ea6dfb
네오컨버전스,"인공지능(AI), 딥러닝 신입/경력 정규직",서울 성동구,https://kr.indeed.com/viewjob?jk=552198485f4ad2da
Intel,Hardware Platform Application Engineer,서울,https://kr.indeed.com/viewjob?jk=aa21d09eb021ffeb
에스비씨엔,"금융 데이터 분석 엔진, 로보어드바이저 개발자",서울 영등포구,https://kr.indeed.com/viewjob?jk=649ccf047c868778
LG CNS,데이터 전문가 경력,서울,https://kr.indeed.com/viewjob?jk=46e64783bd9d2d0d
아이디어콘서트,인공지능AI 기술연구개발(신입/경력),성남 분당구,https://kr.indeed.com/viewjob?jk=d7e490bf343e5721
Materialise Sdn Bhd,[해외취업] Sales Application Engineer,대한민국,https://kr.indeed.com/viewjob?jk=35f16e65f031d7e9
Amazon Web Services Korea LLC,Deep Learning Architect,서울,https://kr.indeed.com/viewjob?jk=9f7af88b0ef15493
신세계아이앤씨,(주)신세계아이앤씨 상반기 AI/기획/데이터분석 부문 인재,서울 중구,https://kr.indeed.com/viewjob?jk=2f3c39f93e5abf96
에이스파트너스서치펌,"[긴급] C-ITS 등 교통산업 컨설팅, 수주 전략 기획, 제안 ( 대리-차장, 서울 )",서울,https://kr.indeed.com/viewjob?jk=380d14940dd4fba9
미래에셋제5호기업인수목적,[온라인공채] ZUM 데이터 분석(경력),서울 서초구,https://kr.indeed.com/viewjob?jk=7eb726eeabdf393d
Nexon,콘텐츠서비스개발팀 - 데이터분석가,성남 분당구,https://kr.indeed.com/viewjob?jk=b35da47f5e84c9b4
카카오,"카카오콘 앱(iOS), 서버 경력 개발자",대한민국,https://kr.indeed.com/viewjob?jk=b9974ad79659bb6d
네이버,빅데이터 활용 개발 경력사원,대한민국,https://kr.indeed.com/viewjob?jk=c534734c041454d8
Oracle,Datacenter Engineer,서울,https://kr.indeed.com/viewjob?jk=0184fd84022533a6
Nielsen,DevOps Engineer,서울,https://kr.indeed.com/viewjob?jk=de8ad67cf88179fe
BNP Paribas,2020 APAC Graduate Programme – Junior Fixed Income Sales,서울,https://kr.indeed.com/viewjob?jk=b2c01054f550bdf2
카카오,데스크탑 가상화(VDI) 엔지니어,성남 판교역,https://kr.indeed.com/viewjob?jk=530a598184580c95
카카오,[경력] 빅데이터 플랫폼 엔지니어,성남 판교역,https://kr.indeed.com/viewjob?jk=61ecdc0ef3cfb66a
네이버,[Search&Clova] Clova 머신러닝 Scientist 개발 신입/경력사원,대한민국,https://kr.indeed.com/viewjob?jk=257110e5aec08f6d
더테스터,"MVP 개발 엔지니어(서버, 웹프론트) (정규직, 계약직, 프리랜서)",대전 중구,https://kr.indeed.com/viewjob?jk=1748baa27965fdbf
Soomgo,Data Scientist,서울 강남구,https://kr.indeed.com/viewjob?jk=917cc06120add6e1
Nexon,데이터연동개발팀 - 데이터엔지니어,성남 분당구,https://kr.indeed.com/viewjob?jk=83afcd111984f51c
그룹 주력계열사,BI 운영 그룹 주력계열사,서울특별시,https://kr.indeed.com/viewjob?jk=e5098c47e3662580
Qualcomm,Platform/BSP SW APPS Engineering - Engineer/Sr. Engineer,서울,https://kr.indeed.com/viewjob?jk=9ba11226adbb856d
Siemens AG,Technical Leader - OPC,경기도 성남,https://kr.indeed.com/viewjob?jk=2cfcbfbe70232dbc
Google,"Technical Specialist, Professional Services (Korean, English)",서울,https://kr.indeed.com/viewjob?jk=fa839fed02943ef7
YG 엔터테인먼트,[ 2020 YG ENTERTAINMENT ] 정보관리팀 경력 (IT시스템 개발),서울 합정동,https://kr.indeed.com/viewjob?jk=a26c6742b80a60ba
NVIDIA,"Solution Architect, Data Scientist - WWFO",서울,https://kr.indeed.com/viewjob?jk=475bfcb9fe2956fa
위메프,[개발]신사업 프론트 개발자(정규직),대한민국,https://kr.indeed.com/viewjob?jk=57aa1b90d7626f69
Amazon Web Services Korea LLC,Tech U Associate Professional Services Consultant - 2020 Korea,서울,https://kr.indeed.com/viewjob?jk=881a1aa0f0646335
Nexon,매칭팀 - 데이터분석가,성남 분당구,https://kr.indeed.com/viewjob?jk=48090bdf1303bd76
네오플,[던전앤파이터] 2D/3D 그래픽 기술개발 부문 (TA/엔진프로그래머/툴 프로그래머),서울 강남구,https://kr.indeed.com/viewjob?jk=ed8f2d4e613fb977
Google,"Front End Software Engineer, TensorFlow",서울,https://kr.indeed.com/viewjob?jk=bb22e1b9b7683013
AITRICS,Research Engineer - Machine Learning,서울,https://kr.indeed.com/viewjob?jk=05ce3c7d5c6c368c
Nexon,경험최적화파트 - 데이터 사이언티스트/분석가,성남 분당구,https://kr.indeed.com/viewjob?jk=c6e0b428a62c7eaa
Wish,Software Engineer,서울,https://kr.indeed.com/viewjob?jk=ed4359af01841c83
인섹시큐리티,파이썬 Python 개발자,서울 금천구,https://kr.indeed.com/viewjob?jk=8e3d4022aed99fb2
Microsoft,Cloud Solution Architect,서울,https://kr.indeed.com/viewjob?jk=e6662326a6c95612
위메프,[보안]보안솔루션 운영 담당자(정규직),대한민국,https://kr.indeed.com/viewjob?jk=84fd4c2127309eea
고도소프트,Data Engineer,서울 구로구,https://kr.indeed.com/viewjob?jk=68ee194a9d487aac
인공지능(AI) 연구개발 전문기업,AI Engineer (얼굴모션 캡처기술) 인공지능(AI) 연구개발 전문기업 new,경기도,https://kr.indeed.com/viewjob?jk=4fa50f2ffd370bae
KAN,GNI 소프트웨어 개발자,울산 북구,https://kr.indeed.com/viewjob?jk=b2ebc1da56d8b120
Amzn Corporate Services Korea,Data Center Technician,서울,https://kr.indeed.com/viewjob?jk=1f542078927eb1e4
나라스페이스테크놀로지,"인공지능(AI), 데이터분석 외 신입/경력 계약직",부산 영도구,https://kr.indeed.com/viewjob?jk=08886d865f1ef1f7
네오플,[던전앤파이터] 클라이언트 툴 프로그래머,서울 강남구,https://kr.indeed.com/viewjob?jk=cb286253682cb876
그룹 IT인프라 구축,Robot SW Engineer 그룹 IT인프라 구축,서울특별시,https://kr.indeed.com/viewjob?jk=7c7f6f9c070d78bd
아프리카TV,데이터 분석 및 지표 구축,성남 분당구,https://kr.indeed.com/viewjob?jk=1d95b1dac345f2ca
Amazon Web Services Korea LLC,SAP Architect,서울,https://kr.indeed.com/viewjob?jk=1a5cda61b51c21b7
AITRICS,Software Developer - Front-End / Back-End,서울,https://kr.indeed.com/viewjob?jk=5123207a169f90eb
신한비엔피파리바자산운용,퀀트운용팀 (사원-대리급),대한민국,https://kr.indeed.com/viewjob?jk=9040dba1c8db2a5d
株式会社ASCOM,[해외취업] AI 엔지니어,대한민국,https://kr.indeed.com/viewjob?jk=67a92be234325f85
네이버랩스,Virtual Environment Simulation Engineer,성남 분당구,https://kr.indeed.com/viewjob?jk=1f8241bde59958c8
Electronic Arts,[인재풀] Central Development Services,서울,https://kr.indeed.com/viewjob?jk=d9a8d22b38653d34
에이스파트너스서치펌,자연어처리/텍스트분석 엔진 개발 및 서비스 개발(대리(6년)-부장급(19년),서울,https://kr.indeed.com/viewjob?jk=3913e63e39abfe21
미래에셋제5호기업인수목적,[온라인공채] ZUM 검색플랫폼 개발(신입),서울 서초구,https://kr.indeed.com/viewjob?jk=b0689e759c272ef5
엔디소프트,(주)엔디소프트 2020년도 개발자,부산 해운대구,https://kr.indeed.com/viewjob?jk=2a2fb5091859871a
벨에포크자산운용,Quant 트레이딩 부문,대한민국,https://kr.indeed.com/viewjob?jk=3e617a8ed7934773
애드인텔리전스,[경력] SW개발자 - 정규직,서울 광진구,https://kr.indeed.com/viewjob?jk=9b686bf45b28b6ea
커리어라임즈,[대형보험사] 딥러닝 엔지니어 (사원~과장급),서울,https://kr.indeed.com/viewjob?jk=aa4786d0220985ac
테크에이스 솔루션,"기업부설연구소 연구원 (인공지능(AI), 딥러닝), 소프트웨어 개발자 신입/경력 정규직",서울 금천구,https://kr.indeed.com/viewjob?jk=d2ca1a4025dbb1a7
피플렙,모바일 뱅킹앱 서비스의 설계/기획 경력 [저축은행그룹 모기업],서울 구로구,https://kr.indeed.com/viewjob?jk=2bd4dbc4b81c0bd3
에릭슨엘지,Ericsson-LG Enterprise 경력 개발자 (추가 ),서울 금천구,https://kr.indeed.com/viewjob?jk=7aba45ffde3ad6ee
지식시스템,[KSTEC] 통계/Analytics 경력사원,성남 분당구,https://kr.indeed.com/viewjob?jk=9ce21c09147387cb
인포섹,개발직군 연계형 인턴십,성남 분당구,https://kr.indeed.com/viewjob?jk=9b3b43bfe4f351ce
Arm,Pre Sales Engineer,서울,https://kr.indeed.com/viewjob?jk=eec4b684cdb38ebd
8퍼센트,8퍼센트 경력 개발자,서울 종로구,https://kr.indeed.com/viewjob?jk=464ef95516a5fa5c
인공지능(AI) 연구개발 전문기업,AI Engineer (바디모션 캡처기술) 인공지능(AI) 연구개발 전문기업 new,경기도,https://kr.indeed.com/viewjob?jk=8925ce6bab9d00d6
아이디어콘서트,플랫폼 개발-프론트엔드/백엔드 개발자,제주 제주시,https://kr.indeed.com/viewjob?jk=3b51b4e35a149067
MathWorks,Senior Technical Consultant,서울,https://kr.indeed.com/viewjob?jk=22a5590c81649937
카카오,[멜론] 빅데이터 서비스 개발자,성남 판교역,https://kr.indeed.com/viewjob?jk=3e2a310c9dd0f693
로이스에이치알,IT기획(대리-과장급) 초빙 - 유명 유통사,서울,https://kr.indeed.com/viewjob?jk=d48c925acb7e4187
카카오,데이터 사이언스 전문가 및 머신러닝 전문가,성남 판교역,https://kr.indeed.com/viewjob?jk=85929aac498299cc
빌리콘,웹/앱 개발자 (경력),수원 장안구,https://kr.indeed.com/viewjob?jk=77c8700bdba0ea81
Synopsys,"Application Engineer, Sr II",서울,https://kr.indeed.com/viewjob?jk=8c8700db243d1a3c
지식시스템,[KSTEC] 2020년 신입 및 경력 (SW개발자),성남 분당구,https://kr.indeed.com/viewjob?jk=73ec78a2017fc02b
지식시스템,[KSTEC] RPA 시스템 개발 경력사원,성남 분당구,https://kr.indeed.com/viewjob?jk=2e9c12f77f6517ce
에이아이메이커,"Java, Python 영상툴 개발자",서울 마곡동,https://kr.indeed.com/viewjob?jk=cae2de07045cfb2b
크로스앵글,데이터 엔지니어,서울 여의도,https://kr.indeed.com/viewjob?jk=ae15250b0a7f47e0
Amazon Web Services Korea LLC,TECH U Associate Solutions Architect - 2020 Korea,서울,https://kr.indeed.com/viewjob?jk=d66914db200312e0
베가스,데이터분석 전문가 신입·경력·전문연구요원,서울 강남구,https://kr.indeed.com/viewjob?jk=8bda582040d41076
Nexon,분석실 - 베이지안 분석 전문가,성남 분당구,https://kr.indeed.com/viewjob?jk=19b44e0d17d112e2
커리어라임즈,[대형보험사] 빅데이터 엔지니어 (사원~대리급),서울,https://kr.indeed.com/viewjob?jk=03b6d0d5e9de3616
신세계아이앤씨,2020년 상반기 AI/기획/데이터분석 부문 인재모집,서울 회현동,https://kr.indeed.com/viewjob?jk=e0adc36df891f6e1
베이리스,딥러닝 전문연구요원 특별,성남 수정구,https://kr.indeed.com/viewjob?jk=bfc63c0dc39852e3
포티투마루,검색서비스 서버 개발 신입/경력,서울 관악구,https://kr.indeed.com/viewjob?jk=e010f7780d479126
Electronic Arts,[피파온라인4] 소프트웨어 엔지니어,서울,https://kr.indeed.com/viewjob?jk=1cf825d234463890
파운트,자연어처리전문가 금융챗봇 만들어 갈 엔지니어,서울 충정로역,https://kr.indeed.com/viewjob?jk=a50fce6cc2cb57c9
NAVER,네이버 UGC 데이터 분석/운영 개발자 모집,성남 정자동,https://kr.indeed.com/viewjob?jk=6d8b59554c6f370b
헬로월드,[포스피드] 백앤드 개발 경력직 (정규직),서울 강남구,https://kr.indeed.com/viewjob?jk=2df89ff4453791b3
Wish,Site Engineering Leader,서울,https://kr.indeed.com/viewjob?jk=f8d8cbfce9b1c143
Amazon Web Services Korea LLC,Tech U Associate Technical Trainer - 2020 Korea,서울,https://kr.indeed.com/viewjob?jk=a8b83b3070bb370a
SSG.COM,Data Analytics 부문 경력사원 공개모집,서울 회현동,https://kr.indeed.com/viewjob?jk=e7346b74d7029db0
메가존,[메가존] 2020년 상반기 구글클라우드 직무별,서울 강남구,https://kr.indeed.com/viewjob?jk=072e19aecc5926bb
Bagelcode,데이터 엔지니어 / Data Engineer,서울,https://kr.indeed.com/viewjob?jk=bd1ad6ca3aba3000
KANTAR,Marketing Science Director,서울,https://kr.indeed.com/viewjob?jk=2d5c603043556b81
Synopsys,"R&D Engineer, Sr I",서울,https://kr.indeed.com/viewjob?jk=432b169b273d9964
SK 씨앤씨,[정규직] 제조 자동화(Hi-Tech) 시스템 구축 인력,대한민국,https://kr.indeed.com/viewjob?jk=74e6114729ef9aef
주식회사퍼즐데이터,퍼즐데이터 역량있는 데이터 분석가,서울 역삼동,https://kr.indeed.com/viewjob?jk=116009dbf59211ed
그룹 IT계열사,빅데이터 플랫폼 및 BI시스템 구축 그룹 IT계열사,서울특별시,https://kr.indeed.com/viewjob?jk=c1936b77c8be4bcf
토이온,TOIION 토이온 전산 인프라 운영 스탭,성남 수정구,https://kr.indeed.com/viewjob?jk=c7c315d68ab45e13
포티투마루,한글 Q&A 시스템 연구 개발 신입/경력사원,서울 관악구,https://kr.indeed.com/viewjob?jk=6f88041c28b6c1ae
엔젤스윙,"드론 데이터 스타트업, 엔젤스윙 엔지니어",서울 관악구,https://kr.indeed.com/viewjob?jk=d017610d9828199c
크로스앵글,백엔드 개발자 (경력),서울 여의도,https://kr.indeed.com/viewjob?jk=af5683389907a8c9
파운트,백엔드 파운트 시스템 엔지니어 (현재 급여수준 이상 보장),서울 충정로역,https://kr.indeed.com/viewjob?jk=d6c05c588971df5a
위시켓,위시켓과 함께할 서버개발자님,서울 강남구,https://kr.indeed.com/viewjob?jk=a3a65a4d59061430
스틸리언,모바일 앱 보안 솔루션 개발부문,서울 용산구,https://kr.indeed.com/viewjob?jk=6718bba08ef6e20b
미래에셋제5호기업인수목적,[온라인공채] ZUM 빅데이터 분석 플랫폼 개발 및 운영(신입),서울 서초구,https://kr.indeed.com/viewjob?jk=a68056f9b2614197
8퍼센트,8퍼센트 개발자 (신입/경력),서울 종로구,https://kr.indeed.com/viewjob?jk=8af26b37623864c4
인썸니아,서울 강남구 인썸니아 시니어 개발자 및 퍼블리셔,서울 서초구,https://kr.indeed.com/viewjob?jk=6c1d50662fa2d7f7
일루미나리안,Linux/Python/PHP/MySQL/백엔드 정규직 경력,용인 보정동,https://kr.indeed.com/viewjob?jk=04d685fc70b67d4e
Nexon,게임이상탐지팀 서비스 개발자,성남 분당구,https://kr.indeed.com/viewjob?jk=e787fde04b998e1a
Nielsen,Software Engineer / Sr. Software Engineer(C++ / Python Developer),서울,https://kr.indeed.com/viewjob?jk=686cdc6df95f159f
BOEING,Lead Application Backend Developer – Mobile,서울,https://kr.indeed.com/viewjob?jk=8624753c574a9d25
에프피에이,"비젼 프로그램 개발, 자동제어 외 경력 정규직",경기도 화성,https://kr.indeed.com/viewjob?jk=338660b483fec9e9
Nielsen,SDET Engineer,서울,https://kr.indeed.com/viewjob?jk=c46c1d3d5b3fb904
이스트시큐리티,[온라인공채] ESTsecurity 웹프론트 개발 (경력),서울 서초구,https://kr.indeed.com/viewjob?jk=106abbac17334486
이스트시큐리티,[온라인공채] ESTsecurity 서버 백엔드 개발 (경력),서울 서초구,https://kr.indeed.com/viewjob?jk=de80829dfb03d602
유비벨록스모바일,IoT/빅데이터 관련 웹 솔루션 개발자(java/python),서울 구로구,https://kr.indeed.com/viewjob?jk=85dd040bbe01ea3d
쉐어멜론,"프론트엔드, 백엔드 외 신입/경력 정규직",서울 서초구,https://kr.indeed.com/viewjob?jk=7827691157ce061b
리디,데이터 분석가(팀장급),서울,https://kr.indeed.com/viewjob?jk=62c516d05ac032ba
파인씨앤아이,"기술연구소 정규직 연력(Java, C++, Python, 기타) 및 ERP 개발인력",서울 송파구,https://kr.indeed.com/viewjob?jk=99f592d0e69ead72
고도소프트,인프라 플랫폼 개발자,서울 구로구,https://kr.indeed.com/viewjob?jk=2b1c5b35b97700fc
엔에이치엔서비스,[NHN Service] [판교]기술지원 경력,성남 분당구,https://kr.indeed.com/viewjob?jk=0ce604f78d27b2f2
Nexon,데이터분석가(게임어뷰징 탐지),성남 분당구,https://kr.indeed.com/viewjob?jk=ea3b136c0ff59524
꿈꾸는다락방,웹 개발자 채용,서울 공덕동,https://kr.indeed.com/viewjob?jk=3cc6771ec537db8c
디비자산운용,퀀트운용본부 경력사원,대한민국,https://kr.indeed.com/viewjob?jk=eeeef3d29a52a970
온누리아이코리아,"UI/UX개발/고객행동분석 (Python, GA, Database)",서울 금천구,https://kr.indeed.com/viewjob?jk=91c9bd778eeb7299
현대엔지비,현대엔지비(주) IT연구개발 및 DB업무지원 분야 정규직 및 인턴,서울 성동구,https://kr.indeed.com/viewjob?jk=501920ec9638b068
테스트웍스,[테스트웍스] QA엔지니어 담당 경력직,서울 송파구,https://kr.indeed.com/viewjob?jk=15fa7235e775c5e4
크래프톤,(IT인프라) 보안팀 엔지니어,성남 백현동,https://kr.indeed.com/viewjob?jk=91d6041cfb272f25
더웨이브톡,코딩 가능한 기구설계 경력자,대전 유성구,https://kr.indeed.com/viewjob?jk=d468be18e96fd3ef
미래에셋제5호기업인수목적,[온라인공채] ZUM 데이터 엔지니어(경력),서울 서초구,https://kr.indeed.com/viewjob?jk=779e911056cbd9e6
파소나,[해외취업] 소프트 웨어 개발 엔지니어,대한민국,https://kr.indeed.com/viewjob?jk=d1725fbd4b0b1e5f
에프앤이노에듀,블록체인 시스템 엔지니어 양성과정,서울,https://kr.indeed.com/viewjob?jk=6ddd6cc2b78a4dcb
메가존,[메가존클라우드] 2020년 상반기 Commercial Tech 부문,서울 강남구,https://kr.indeed.com/viewjob?jk=fd2f650c2f0d4b5e
카카오엔터프라이즈,클라우드서비스 언더클라우드 서버 개발자 모집,성남 삼평동,https://kr.indeed.com/viewjob?jk=e315dc2d6850be87
네이버,[Robotics] Deep Reinforcement Learning Engineer,대한민국,https://kr.indeed.com/viewjob?jk=05d6f01f9a494a1b
십일번가,11번가 IaC(Infra as Code) Engineer 분야,서울 중구,https://kr.indeed.com/viewjob?jk=8f6cb0fb399e9e32
한국클라우드컴퓨팅연구조합,혁신성장 클라우드 아카데미 3기 교육생,서울,https://kr.indeed.com/viewjob?jk=f65e6c6054606b51
글로컬드림아카데미,"소프트웨어, 웹 개발자",충청남도 아산,https://kr.indeed.com/viewjob?jk=00d70b2fd76eb40f
두산 디지털이노베이션,경력사원 수시,서울,https://kr.indeed.com/viewjob?jk=dcafe087f86aaa47
에이스파트너스서치펌,(IT대기업)AI 활용방안모색/적용 전략 수립 (서울),서울 강남구,https://kr.indeed.com/viewjob?jk=62ddf29a73dbe387
Cover Genius,Client Solutions Engineer,서울,https://kr.indeed.com/viewjob?jk=9ec6ee8ffbdef537
트윔,"(주)트윔 개발자(경력직) 빅데이터,영상처리,머신비전/AI 딥러닝",경기도 화성,https://kr.indeed.com/viewjob?jk=af1c75601986e224
카카오엔터프라이즈,(클라우드서비스)네트워크 개발자 모집,성남 삼평동,https://kr.indeed.com/viewjob?jk=282b7f31b5737f09
다나와,기업부설연구소 경력직 채용공고,서울 목동,https://kr.indeed.com/viewjob?jk=1b7eb3866d9df69b
에이치랩,[에이치랩] 웹 개발자(Back-end),서울 마포구,https://kr.indeed.com/viewjob?jk=7f0f05a7cbb72be3
에바,"Python, C·C++ 가능한 영상처리/비젼 개발자 정규직",성남 수정구,https://kr.indeed.com/viewjob?jk=375b9893c3001c55
YH데이타베이스,개발자 경력직 (Java / python / c/c++) (주4.5일시행),대구 수성구,https://kr.indeed.com/viewjob?jk=c276ba4318bbb557
국내 IT 대기업,Cloud Storage Architect 국내 IT 대기업,서울특별시,https://kr.indeed.com/viewjob?jk=703240f1af245dde
IBM,Senior Business Transformation Consultant - Data and Analytics,서울,https://kr.indeed.com/viewjob?jk=bbf4dac3628bafe6
엑스큐어넷,기술지원엔지니어 & 연구개발직,서울 신사동,https://kr.indeed.com/viewjob?jk=0a3b0b6dfcd4ea4c
케이에스피소프트,프로그램개발자(JAVA/HTML5/PowerBuilder/앱/.NET/Python),서울 금천구,https://kr.indeed.com/viewjob?jk=4d904be195e1682c
케이포시큐리티,SI 프로젝트 개발자 (계약직 및 프리랜서),서울 구로구,https://kr.indeed.com/viewjob?jk=ee5df99ada829d81
사이언티픽아날로그,IC 설계자동화 (EDA) 소프트웨어 (XMODEL) 모델 개발자 / 응용 엔지니어 (AE),서울 서초구,https://kr.indeed.com/viewjob?jk=73c6e5163f131c23
에이아이웨어,인공지능 딥러닝 프로그램 개발 (C#/Python/C·C++),성남 분당구,https://kr.indeed.com/viewjob?jk=740e13288ddbbed3
네이버랩스,[Robotics] Deep Reinforcement Learning Engineer,성남 분당구,https://kr.indeed.com/viewjob?jk=4eed307c6e0ec07e
하나금융투자,파생운용실 전문계약직,대한민국,https://kr.indeed.com/viewjob?jk=66df90351d0897e2
에이치랩,[에이치랩] Front-end 개발자,서울 마포구,https://kr.indeed.com/viewjob?jk=a311c91c361c70f3
포커스에이치알,IT 솔루션 기업 기술지원 담당자 2명 (경력/신입),서울 강남구,https://kr.indeed.com/viewjob?jk=de763f010a5f1252
심플로지스,심플로지스와 미래 함께하실 유능한 인재(개발자 및 고객관리) 찾고 있습니다.,인천 연수구,https://kr.indeed.com/viewjob?jk=e5cee26a48a7c115
케이포시큐리티,기업부설연구소 경력직 연구원(정규직) 공개,서울 구로구,https://kr.indeed.com/viewjob?jk=94242432ba095bac
두산 정보통신,경력사원 수시,서울,https://kr.indeed.com/viewjob?jk=7adfd2b51f057d3a
Qualcomm,PMIC S/W APPS Engineering – Senior to Staff,서울,https://kr.indeed.com/viewjob?jk=01cdfff2d55c2fa5
헤르스,웹 개발자 (프론트엔드 신입/경력 무관,서울 광진구,https://kr.indeed.com/viewjob?jk=33ebcf38f48da430
알에스팀,(경력) 정규직 웹개발자,대전 서구,https://kr.indeed.com/viewjob?jk=ba26ecf33dcf82ad
에임하이글로벌,"[해외취업] 베리텍, 시스템개발자/응용프로그래머",대한민국,https://kr.indeed.com/viewjob?jk=ad1bf1198b168944
에임하이글로벌,"[해외취업] 누리누비, 시스템개발자/응용프로그래머",대한민국,https://kr.indeed.com/viewjob?jk=fbbf7d68c624426f
유저해빗,모바일앱 분석툴 유저해빗 웹개발자,서울 마포구,https://kr.indeed.com/viewjob?jk=7f28afa9faba22bd
MathWorks,Senior Application Engineer - Technical Computing and AI,서울,https://kr.indeed.com/viewjob?jk=66520543e9bb139c
해커스,DBA담당자,서울 강남구,https://kr.indeed.com/viewjob?jk=1f7f2b48cf91125b
이랜서,[정규직/본사근무] PHP 웹 개발자 (경력),서울 강남구,https://kr.indeed.com/viewjob?jk=93d6ecdb386e186f
Nexon,경험최적화파트 - 머신러닝 엔지니어,성남 분당구,https://kr.indeed.com/viewjob?jk=7bf179a290a157b2
Amazon Web Services Korea LLC,Senior Specialist Consultant - AI/ML,서울,https://kr.indeed.com/viewjob?jk=b51ca785a45edf17
블루솔루션즈,"C#, Python 개발자",서울 강남구,https://kr.indeed.com/viewjob?jk=d45658bc0b72314c
WDB공학,[해외취업] WDB공학 주식회사 IT 개발자-C/임베디드/어셈블러/Python,대한민국,https://kr.indeed.com/viewjob?jk=470bf09f03aa8f29
에이스파트너스서치펌,AI기반 Text Analytics 자연어분석텍스트처리(대리-과장급)6-12년,서울,https://kr.indeed.com/viewjob?jk=bde8a53c827f4e81
IBM,Data & AI Technical Specialist,서울,https://kr.indeed.com/viewjob?jk=9437c9fdc6462773
드래곤에이치알,국내 통신사 광고서비스 개발 PM,서울 마포구,https://kr.indeed.com/viewjob?jk=596eb018c75e8cf4
Nexon,"글로벌 플랫폼 쉴드 개발(인증보안,이상결제,평판 등)",성남 분당구,https://kr.indeed.com/viewjob?jk=07f425a9fb3ee67b
Nexon,고성능 게임 피드백 서버 개발,성남 분당구,https://kr.indeed.com/viewjob?jk=952e0a8d9bac4aea
Amazon Web Services Korea LLC,Data Scientist III,서울,https://kr.indeed.com/viewjob?jk=67ca30c143379281
티맥스소프트,[TmaxData/기술] 제품 QA 신입 및 경력,성남 분당구,https://kr.indeed.com/viewjob?jk=361120b70c6120d6
Wish,Sr. Software Engineer,서울,https://kr.indeed.com/viewjob?jk=4d40419f88f938c0
Amazon Web Services Korea LLC,Solutions Architect - Amazon Connect,서울,https://kr.indeed.com/viewjob?jk=5c6723a17ad467f6
"Advanced Energy Industries, Inc",Engineer II - Test GSO,서울,https://kr.indeed.com/viewjob?jk=962ccc68c40fa2d8
카카오,카카오 분석 플랫폼 경력 개발자,성남 판교역,https://kr.indeed.com/viewjob?jk=8ae7c240ef7d5f0b
카카오,데이터 사이언티스트 지향하는 데이터 엔지니어,성남 판교역,https://kr.indeed.com/viewjob?jk=385c58c7ced1d77b
카카오,카카오 전체의 사용자 플랫폼 만들 서버개발자,성남 판교역,https://kr.indeed.com/viewjob?jk=6d479593b544fa68
카이어,응용프로그램개발(C·C++/Python/C#外 2개 부문),서울 강남구,https://kr.indeed.com/viewjob?jk=58f5e1b4d914a043
테스트웍스,[테스트웍스] 응용프로그래머 담당 경력직,서울 송파구,https://kr.indeed.com/viewjob?jk=dc47d6c4c6f05698
Nexon,글로벌&모바일 플랫폼 운영을 담당할 를 합니다.,성남 분당구,https://kr.indeed.com/viewjob?jk=281fb1cb3dff0cf8
퓨쳐위즈,파이썬 중급개발자,서울 강남구,https://kr.indeed.com/viewjob?jk=5ee29e41129934a3
데이빅스,"서버·네트워크개발, 소프트웨어개발 외 경력 정규직",서울 구로구,https://kr.indeed.com/viewjob?jk=0b77f6f5f4862300
네이버랩스,[Robotics] Robot Software Engineer,성남 분당구,https://kr.indeed.com/viewjob?jk=afe049499a2a135a
심시스글로벌,개발자 경력직,서울 서초구,https://kr.indeed.com/viewjob?jk=8a1231f0c7062647
카카오,카카오톡 신규 서비스 서버 개발자,성남 판교역,https://kr.indeed.com/viewjob?jk=de210ffb5a9ee0c4
MightyHive,Technical Solutions Engineer,서울,https://kr.indeed.com/viewjob?jk=2d83dcf8baac736b
컨셉터스(CONCEPTERS),빅데이터 및 AI기반의 마케팅 마케터 및 플랫폼기획자,서울 강남구,https://kr.indeed.com/viewjob?jk=3d5fd9f21b2081c9
Amazon Web Services Korea LLC,Senior Data Scientist - AWS Professional Services,서울,https://kr.indeed.com/viewjob?jk=37da5b148b2d3ef4
Shopee,Cross Border Ecommerce - Business Intelligence (Based in Seoul),서울,https://kr.indeed.com/viewjob?jk=b574f1454ae36aab
Nexon,데이터인프라개발팀 - 데이터 플랫폼 엔지니어,성남 분당구,https://kr.indeed.com/viewjob?jk=73457e281df2be21
네이버,[Robotics] Robot Software Engineer,대한민국,https://kr.indeed.com/viewjob?jk=2531a0c578f5ca30
삼정 KPMG,[인턴] RCS(Risk Consulting Services) 본부 Forensic(Forensic Technology 팀) 업무보조 인턴,서울 강남구,https://kr.indeed.com/viewjob?jk=e4e36162481db73f
Amazon Web Services Korea LLC,Sr. Data Scientist,서울,https://kr.indeed.com/viewjob?jk=d63f81f49bfdc208
Bagelcode,데이터 사이언티스트 / Data Scientist,서울,https://kr.indeed.com/viewjob?jk=d0ae3cf7638734ac
네이버,[Autonomous Driving] Software Tool Engineer,대한민국,https://kr.indeed.com/viewjob?jk=84348b9371558933
Google,"Marketing Data Scientist, Google Professional Services",서울,https://kr.indeed.com/viewjob?jk=424144a5501748e2
카카오,[카카오 클라우드] 플랫폼 포털 개발자,성남 판교역,https://kr.indeed.com/viewjob?jk=383d4c8a7156b52b
키스채권평가,(KIS채권평가) 신입/경력 채용공고(평가사업본부),서울 여의도,https://kr.indeed.com/viewjob?jk=dedae92db8cf90d6
펄핏,AI Algorithm Developer,서울 강남구,https://kr.indeed.com/viewjob?jk=88b7dece067cd1c6
미스테리코,"Front-End Developer, Back-End Developer 경력 정규직",서울 마포구,https://kr.indeed.com/viewjob?jk=ace153a856846618
Nexon,소프트웨어 엔지니어,성남 분당구,https://kr.indeed.com/viewjob?jk=d71794dc69947981
아우름플래닛,Data Specialist (Scientist&&Engineer),서울 마포구,https://kr.indeed.com/viewjob?jk=dd4d8e59a4a9265d
Nexon,데이터인프라개발팀 - 데이터 엔지니어,성남 분당구,https://kr.indeed.com/viewjob?jk=c499b3dde5c2e196
리디,[라프텔] 서버(백엔드) 개발자,서울,https://kr.indeed.com/viewjob?jk=921ca2b37c6339df
Nexon,데이터플랫폼실 - Software Engineer,성남 분당구,https://kr.indeed.com/viewjob?jk=6ecc8058c1538843
이스트게임즈,1분기 Software Engineer,서울 서초구,https://kr.indeed.com/viewjob?jk=5b535959b55b796c
창운코리아,[FEG] 리버스 엔지니어,서울 구로구,https://kr.indeed.com/viewjob?jk=5faf4a69ab8c86ca
Nexon,네트워크 자동화 개발자,성남 분당구,https://kr.indeed.com/viewjob?jk=5ff17b27cd83a1c0
Nexon,데브옵스 솔루션 개발자,성남 분당구,https://kr.indeed.com/viewjob?jk=692486e7a2b0522e
파운트,파이썬SW 금융분야 특화 챗봇 개발 함께 할 엔지니어,서울 충정로역,https://kr.indeed.com/viewjob?jk=ffd9cedb23e97344
Amazon Web Services Korea LLC,Cloud Infrastructure Architect,서울,https://kr.indeed.com/viewjob?jk=d9470ee259f7457b
Nexon,이상탐지팀- 웹프로그래머,성남 분당구,https://kr.indeed.com/viewjob?jk=4a426e3ffacd161c
IGEWORLD,[해외취업] 애리조나에 위치한 물류서비스 회사 #N사 IT 인턴 !,대한민국,https://kr.indeed.com/viewjob?jk=34d498e0e05c5e60
버드뷰,Web 개발(이커머스 파트)_PHP/CodeIgniter/Javascript,서울 마포구,https://kr.indeed.com/viewjob?jk=3292e81e43884c67
Nexon,NXLog팀 - 소프트웨어 엔지니어,성남 분당구,https://kr.indeed.com/viewjob?jk=c13abffb44505877
Amazon Web Services Korea LLC,"Specialist Solutions Architect III, AI/ML",서울,https://kr.indeed.com/viewjob?jk=2625bdacef9c5d08
MightyHive,Lead Technical Solutions Engineer,서울,https://kr.indeed.com/viewjob?jk=ae2c6294bc277408
Amazon Web Services Korea LLC,Technical Trainer - Amazon Web Services,서울,https://kr.indeed.com/viewjob?jk=f044d9361c664f80
휴먼디지털,AI(인공지능) 개발자,서울,https://kr.indeed.com/viewjob?jk=d498993697237b33
Amazon Web Services Korea LLC,"Specialist Solutions Architect III, Analytics",서울,https://kr.indeed.com/viewjob?jk=604de7caa5f65310
딥엑스,RTL 및 ASIC 설계 엔지니어(딥러닝 하드웨어 프로세서 개발),성남 분당구,https://kr.indeed.com/viewjob?jk=254a4762b91cda74
링크샵스,링크샵스 플랫폼 개발 및 유지보수 담당,서울 중구,https://kr.indeed.com/viewjob?jk=a6d0f0030a9ad230
우아한 형제들,[배민서비스실] 소프트웨어 품질 엔지니어,서울 송파구,https://kr.indeed.com/viewjob?jk=8dfd75b2964c9c47
MightyHive,Analytics Specialist,서울,https://kr.indeed.com/viewjob?jk=419692b3ddb34768
여의시스템,산업용 S/W 프로그래밍 및 개발 전문연구요원 (병역특례),성남 중원구,https://kr.indeed.com/viewjob?jk=399cec6cd2a3b85b
Nexon,Software Engineer,성남 분당구,https://kr.indeed.com/viewjob?jk=49335253c9d14ed4
딜리버리히어로코리아,Discovery ML Engineer,서울 서초동,https://kr.indeed.com/viewjob?jk=b59aefbf5af2d7ea
Hewlett Packard Enterprise,Sales Manager (Born in the Cloud),서울,https://kr.indeed.com/viewjob?jk=4a51996b0442a445
스포카,스포카(도도포인트)프로그래머/PM/기획 채용,서울 역삼동,https://kr.indeed.com/viewjob?jk=c663e60e53d11e2b
포커스에이치알,IT 솔루션 기업 SW 개발자 2명 (경력 / 신입),서울 강남구,https://kr.indeed.com/viewjob?jk=1fba47127c0552ba
삼정 KPMG,[경력] 회계 감사 디지털 전문가 - DPP,서울 강남구,https://kr.indeed.com/viewjob?jk=ce78c705d4b6bced
브릭,Front end 개발자,성남 분당구,https://kr.indeed.com/viewjob?jk=cac18e6bcbee5a21
카카오엔터프라이즈,(AI기술) 언어교육용 AI기술 개발자 모집,성남 삼평동,https://kr.indeed.com/viewjob?jk=1da18f79e32a0631
Amazon Web Services Korea LLC,Senior Data Architect,서울,https://kr.indeed.com/viewjob?jk=06c262a673804071
글로벌터치코리아,[해외취업] SERAKU_WEB개발 엔지니어,대한민국,https://kr.indeed.com/viewjob?jk=e3ad69884cb3b2cb
블록체인씨앤에스,"딥러닝, 인공지능(AI) 외 경력 정규직",서울 성동구,https://kr.indeed.com/viewjob?jk=62d8726bc5e89cf8
웨이브릿지,성장하는 핀테크 스타트업 BackEnd Developer 경력직,서울 강남구,https://kr.indeed.com/viewjob?jk=f8ee4cfdf4dd6934
피스페이스,피스페이스_sw개발직 (시스템 SW 부문),성남 분당구,https://kr.indeed.com/viewjob?jk=9b0229da022a653a
Google,"Technical Solutions Consultant, Android TV Partner Engineering",서울,https://kr.indeed.com/viewjob?jk=92f04fc62c6d6a7a
Soomgo,Performance Marketer (SA 중심),서울 강남구,https://kr.indeed.com/viewjob?jk=08ac4426aa2a7bed
원오토메이션,웹개발자 모집,창원 의창구,https://kr.indeed.com/viewjob?jk=e4a8d8095243c5bb
우아한 형제들,[배민서비스실] 검색서비스 개발자,서울 송파구,https://kr.indeed.com/viewjob?jk=1241d1e756b15ce4
커리어라임즈,[대형보험사] 클라우드솔루션스아키텍트(Cloud SA) (사원~대리급),서울,https://kr.indeed.com/viewjob?jk=883224a16bb6a233
아이옵스,(주)아이옵스 S/W개발 경력사원,대전 유성구,https://kr.indeed.com/viewjob?jk=5b3c47309e4b6171
코리아서버호스팅,코리아서버호스팅 풀스택 경력,서울 서초구,https://kr.indeed.com/viewjob?jk=112b18e814dc90dc
株式会社ASCOM,[해외취업] 고급 IT 엔지니어,대한민국,https://kr.indeed.com/viewjob?jk=10ddf37c7b70f83b
네이버랩스,[Autonomous Driving] Software Tool Engineer,성남 분당구,https://kr.indeed.com/viewjob?jk=f13d84719e788dbb
엔아이티서비스,"(NIT Service) NAVER, LINE 서비스 플랫폼 운영",성남 삼평동,https://kr.indeed.com/viewjob?jk=c825cea80b04bb1d
Amazon Web Services Korea LLC,DevOps Consultant - Professional Services,서울,https://kr.indeed.com/viewjob?jk=204308e277d085e3
바질컴퍼니,머선비전 S/W 개발 경력 직원,부산 사상구,https://kr.indeed.com/viewjob?jk=b3d983e27dd5ffe8
에코소프트,Java/Jsp/Front-end/WEB 개발자,경기도,https://kr.indeed.com/viewjob?jk=e6ed4f83454aa0c3
Amazon Web Services Korea LLC,Cloud Application Architect - Professional Services,서울,https://kr.indeed.com/viewjob?jk=ff2f8c996186ab4d
㈜엘솔루,(주)엘솔루 개발자,서울,https://kr.indeed.com/viewjob?jk=2a1d77bd91952093
디노플러스,파이썬/자바스크립트 경력 정규직,서울 강남구,https://kr.indeed.com/viewjob?jk=81acb0a951cdde98
이투스교육,DX혁신부문 Tech Lab Senior Machine Learning & AI(Data professional) 정규직,서울 강남구,https://kr.indeed.com/viewjob?jk=9b09565fe78ef392
휴먼디지털,"모바일 앱 서버 개발(Java, Python)",서울,https://kr.indeed.com/viewjob?jk=16dff836029458af
이포넷,기술 지원 및 개발 가능한 Technical Su...,서울 삼성동,https://kr.indeed.com/viewjob?jk=99d1b2e25887707d
휴먼디지털,Big Data Engineer,서울,https://kr.indeed.com/viewjob?jk=6863b8ecbee9cb28
Yi INC. (Yi株式会社),"[해외취업] 일본기업/Yi주식회사/IT엔지니어 경력2년이상자/도쿄, 정사원",대한민국,https://kr.indeed.com/viewjob?jk=5f778071e9ca60ed
웨이브릿지,WaveBridge BackEnd Developer 경력직,서울 강남구,https://kr.indeed.com/viewjob?jk=ea7a7ab6e15151c1
이포넷,기술 지원 및 개발 가능한 Technical Support,서울 강남구,https://kr.indeed.com/viewjob?jk=dfbecf75e127cac1
서치펌 모멘텀HR 헤드헌팅 건,CTO 최고기술책임자,서울 강남구,https://kr.indeed.com/viewjob?jk=255dc6b8fa2e41ef
WangsuTech,Junior network admin,서울,https://kr.indeed.com/viewjob?jk=a030a599df3b6b76
Wayne Inc.,Linux Developer,인천,https://kr.indeed.com/viewjob?jk=898c115c445ae128
현대IT&E,2020년 현대IT&E 경력사원 상시,경기도,https://kr.indeed.com/viewjob?jk=c0386b0f6c835e25
ATZ Inc.,퀀트 개발자 (Quant Developer),서울,https://kr.indeed.com/viewjob?jk=f6fe4d192f210bc7
Streami,Software Engineer (Backend),서울,https://kr.indeed.com/viewjob?jk=b4cd3d301442dd16
(주)딕스코리아,Django + Python 웹개발,서울 가산디지털단지역,https://kr.indeed.com/viewjob?jk=d7a5d7d67068b597
"소프트웨어(IT인프라,IT위협관리,IT정보관리) 개발,공급, 통신장비 제조등",보안개발팀 엔진파트 GO Python C 등의 개발언어 구현 가능자,서울 구로구,https://kr.indeed.com/viewjob?jk=f400dbcb5e317e9f
신세계,[신세계아이앤씨] (주)신세계아이앤씨 상반기 AI/기획/데이터분석 부문 인재모집,대한민국,https://kr.indeed.com/viewjob?jk=5830d6032e92599e
글로벌 소비재기업,글로벌 소비재기업 APAC담당 Sr. Enterprise Architect 포지션 ASAP,서울,https://kr.indeed.com/viewjob?jk=8405cf7fad057a1a
MIND AI,AI Scientist - Symbolic AI (Natural Language Reasoning),서울,https://kr.indeed.com/viewjob?jk=7b96b63ac704d98a
Coupang,Business Analyst (Search and Discovery Analytics),서울,https://kr.indeed.com/viewjob?jk=8d0b3a79363b5a69
현대자동차,AI agent QA(Quality Assurance) Engineer,대한민국,https://kr.indeed.com/viewjob?jk=7ef22311fbf5c3c0
신세계,[신세계아이앤씨] (주)신세계아이앤씨 상반기 시스템운영/개발 부문 인재모집,대한민국,https://kr.indeed.com/viewjob?jk=39c7aea684076307
Bagelcode,주니어 데이터 엔지니어 / Junior Data Engineer,서울,https://kr.indeed.com/viewjob?jk=65232d6e37b8f7fb
Kinaxis,Solution Architect,서울,https://kr.indeed.com/viewjob?jk=606646e13ad5c569
홍익대학교 무인이동체자율항법연구실,R&D 연구원,서울 마포구,https://kr.indeed.com/viewjob?jk=40acc204682e5219
광주과학기술원,인간중심 지능형 시스템 연구실 시간제 연구원,광주 북구,https://kr.indeed.com/viewjob?jk=67503f27b0365593
Coupang,Senior Business Analysis (Strategic Planning),서울,https://kr.indeed.com/viewjob?jk=5f3b7800e776da58
Terra,Core Researcher,서울,https://kr.indeed.com/viewjob?jk=89a689a00d8170bc
(주)트리플렛,AI/IoT 연구 개발자 채용,서울 마포구,https://kr.indeed.com/viewjob?jk=82f5d2aebb1bbf3a
Coupang,"Director, Software Engineering (Coupang Eats)",서울,https://kr.indeed.com/viewjob?jk=a6a4b500fa0340d4
5년차 소프트웨어 개발 중소기업,소프트웨어 아키텍트,서울 마포구,https://kr.indeed.com/viewjob?jk=f53ddadeae2f3625
Tapjoy,Data Scientist,서울,https://kr.indeed.com/viewjob?jk=40454c3ae7eb142d
SendBird,Developer Advocate,서울,https://kr.indeed.com/viewjob?jk=dc821489255954fd
큐브리드,CUBRID 오픈 소스 프로젝트 개발,서울 강남구,https://kr.indeed.com/viewjob?jk=c7a6cbee7ca553f4
Asiance,Junior Full-Stack Developer,서울,https://kr.indeed.com/viewjob?jk=7268328c0d71d81c
광주과학기술원,지스트 블록체인인터넷경제연구센터 계약직(연구원),광주 북구,https://kr.indeed.com/viewjob?jk=ab157cc80acdbe96
광주과학기술원,지스트 블록체인경제센터 계약직연구원,광주 북구,https://kr.indeed.com/viewjob?jk=a7c68eba65a950aa
대기업(유명그룹사),"대기업 딥러닝 / 빅데이터 프로젝트 경력자 (석사학위이상, 근무지-전남)",전라남도 광양,https://kr.indeed.com/viewjob?jk=afa331eb050128f9
Coupang,"Principal, QA Engineer (Seller Portal)",서울,https://kr.indeed.com/viewjob?jk=73ecc36bb6231f81
광주과학기술원,지스트 블록체인경제센터(강남소재) 계약직(연구원),광주 북구,https://kr.indeed.com/viewjob?jk=674370fd38bce0dd
Coupang,Data Analyst (FC & Transportation),서울,https://kr.indeed.com/viewjob?jk=872e4ef109d7872a
케이원파트너스,Python 백앤드엔지니어,서울 서초구,https://kr.indeed.com/viewjob?jk=49fa26d981f65ae7
금융대기업 연구소,금융대기업 Data Scientist 채용 (선임~수석),서울,https://kr.indeed.com/viewjob?jk=88ac31d32dd114a5
Terra,Data Scientist,서울,https://kr.indeed.com/viewjob?jk=83883bfd1f662d69
Coupang,Principle Business Analysis (eCommerce Finance),서울,https://kr.indeed.com/viewjob?jk=1ea7188c1b87f679
IT대기업,IT대기업 데이터 분석/마케팅/컨설팅/전략/기획,서울,https://kr.indeed.com/viewjob?jk=ac0685d33e903fb5
"Moloco, Inc.",Software Engineer - Seoul,서울,https://kr.indeed.com/viewjob?jk=4206cd042c6633c1
Coupang,Data Analyst (CRM),서울,https://kr.indeed.com/viewjob?jk=e36af236652e8e9d
광주과학기술원,지스트 블록체인경제센터(강남소재) 계약직연구원,광주 북구,https://kr.indeed.com/viewjob?jk=794e209e405f4fc0
SendBird,Sales Engineer (APAC),서울,https://kr.indeed.com/viewjob?jk=e38f22d6852a857a
ODK Media Inc,Software Engineer,서울 강남구,https://kr.indeed.com/viewjob?jk=83ff9361159cd219
광주과학기술원,차세대 광-무선 가입자망 연구센터 연구전담교수,광주 북구,https://kr.indeed.com/viewjob?jk=05439002712f8135
SendBird,Software Engineer - Back-end Web,서울,https://kr.indeed.com/viewjob?jk=615168b399422305
Coupang,"Principal, Strategic Planning",서울,https://kr.indeed.com/viewjob?jk=8b29e16a2f9665f2
광주과학기술원,인간중심 지능형 시스템 연구실 위촉연구원,광주 북구,https://kr.indeed.com/viewjob?jk=9fb50d6eec9e7045
Coupang,Data Scientist(SCM S&OP),서울,https://kr.indeed.com/viewjob?jk=1c90165f772bc595
Coupang,Database Engineer (Storage Platform),서울,https://kr.indeed.com/viewjob?jk=94f2bbbeb53f3458
Terra,Back-end Engineer,서울,https://kr.indeed.com/viewjob?jk=f915f667e4052f91
광주과학기술원,지구·환경공학부 환경시스템공학 연구실 위촉연구원,광주 북구,https://kr.indeed.com/viewjob?jk=d425b24146af3fa1
Bagelcode,주니어 데이터 사이언티스트 / Junior Data Scientist,서울,https://kr.indeed.com/viewjob?jk=81848f01b547f90b
광주과학기술원,전기전자컴퓨터공학부(바이오컴퓨팅연구실) 위촉연구원,광주 북구,https://kr.indeed.com/viewjob?jk=98c2229e57d4ee1f
Ever Better Recruitment (EBR),Customer Facing Data Scientist,서울,https://kr.indeed.com/viewjob?jk=b06176c3a7092e0a
4차산업 공장 자동화 기기 및 소프트웨어,"로봇관련, R&D_로봇 Skill 개발",경기도 수원,https://kr.indeed.com/viewjob?jk=50d0ae3f24a94532
광주과학기술원,기후 분석&모델링연구실 시간제연구원,광주 북구,https://kr.indeed.com/viewjob?jk=78d1ec77f4a5e0dc
(주)씨앤에이코리아,[글로벌 Vacuum Pump 제조사] S/W Test Engineer 경력직 채용,천안 서북구,https://kr.indeed.com/viewjob?jk=7bb1e2b604c071e6
myrealtrip,데이터 엔지니어,서울,https://kr.indeed.com/viewjob?jk=0aa5f158999a8f91
"Miso, inc",Data Analyst,서울,https://kr.indeed.com/viewjob?jk=4a94f2401f999ab6
광주과학기술원,블록체인인터넷경제 연구센터 위촉연구원,광주 북구,https://kr.indeed.com/viewjob?jk=77d8e0149dad533b
광주과학기술원,블록체인인터넷경제연구센터 위촉연구원,광주 북구,https://kr.indeed.com/viewjob?jk=3e80435be74cd28f
Coupang,"Principal, Data Engineer (EDW Data Processing)",서울,https://kr.indeed.com/viewjob?jk=f79f6cd3e91fcc1a
국내자본 저축은행,저축은행 앱마케팅팀 데이터분석,서울 구로구,https://kr.indeed.com/viewjob?jk=0ab285258b1cb206
Asiance,Senior Full-Stack Developer,서울,https://kr.indeed.com/viewjob?jk=dcbce45dbe2d3679
차량IT 전문 기업 (대기업),대기업 검색엔진 개발 (대리과장급),서울,https://kr.indeed.com/viewjob?jk=c62452e8da21acb5
Bear Robotics,Senior Robotics Software Engineer,서울,https://kr.indeed.com/viewjob?jk=674466316840f8f5
Coupang,"Principal, Data Scientist (Data Platform)",서울,https://kr.indeed.com/viewjob?jk=f8de9004dab92f5d
Asiance,Senior Back-end Developer,서울,https://kr.indeed.com/viewjob?jk=27352452ed0a0ea9
Coupang,"Principal, Back-end Engineer (Seller Portal)",서울,https://kr.indeed.com/viewjob?jk=dbe0f6f7da20d201
SendBird,Technical / UX Writer,서울,https://kr.indeed.com/viewjob?jk=e5c63f4e86ceefda
Bagelcode,데이터 분석가 / Business Analyst,서울,https://kr.indeed.com/viewjob?jk=f10477b81840d778
Coupang,"Senior, Software Engineer (Search Quality Assurance)",서울,https://kr.indeed.com/viewjob?jk=7a08f5e589b10a00
Coupang,"Principal, Data Engineer (Pricing Tech)",서울,https://kr.indeed.com/viewjob?jk=ed3686b9c2eea9ad
국내자본 저축은행,ICT 서비스본부 디지털LAB,서울 구로구,https://kr.indeed.com/viewjob?jk=e0751dcb592aa9cc
Pure Storage,"Technical Design Architect, South Korea",서울,https://kr.indeed.com/viewjob?jk=1124955926b2559b
Coupang,"Senior, Database Engineer (Storage Platform)",서울,https://kr.indeed.com/viewjob?jk=5a0b53c0cc23d9a7
Coupang,"Principal, Business Analysis (Coupang Eats)",서울,https://kr.indeed.com/viewjob?jk=2cca42ee0951d4be
Coupang,Principal Business Analysis (Growth Marketing Analytics),서울,https://kr.indeed.com/viewjob?jk=2b8a63d6cc91a04c
해외송금 전문업체,Data Scientist,서울 강남구,https://kr.indeed.com/viewjob?jk=e8d1c3f88e0b200b
Coupang,"Principal, Data Engineer (Pricing Competitor Intelligence)",서울,https://kr.indeed.com/viewjob?jk=c16d65e660e7e744
차량IT 전문 기업 (대기업),대기업 DBA 경력자 채용 (대리과장급),서울,https://kr.indeed.com/viewjob?jk=ae2fb57113a077bc
국내자본 저축은행,저축은행 디지털 LAB,서울 구로구,https://kr.indeed.com/viewjob?jk=a58b91ab3d74f02d
국내자본 저축은행,저축은행 다이랙트마케팅팀 데이터분석,서울 구로구,https://kr.indeed.com/viewjob?jk=79da9b878d3d8709
Coupang,Senior Business Analyst (Retail Program Management),서울,https://kr.indeed.com/viewjob?jk=7772fd53bc80acde
국내자본 저축은행,디지털LAB 신기술파트,서울 구로구,https://kr.indeed.com/viewjob?jk=d24428ed26f0b058
국내자본 저축은행,저축은행 디지털뱅킹팀 데이터분석 경력,서울 구로구,https://kr.indeed.com/viewjob?jk=53ced11b1e0addce
국내자본 저축은행,저축은행 소비자금융 Data Science,서울 구로구,https://kr.indeed.com/viewjob?jk=9cd311595b3e4bea
"Miso, inc",VP of Engineering,서울,https://kr.indeed.com/viewjob?jk=f5db97b4d95cbc04
Coupang,Sr. Back-end Engineer (Query Understanding),서울,https://kr.indeed.com/viewjob?jk=0df2999925f12355
국내자본 저축은행,저축은행 디지털뱅킹팀 데이터분석,서울 구로구,https://kr.indeed.com/viewjob?jk=51dcabafcf7a0bb0
국내자본 저축은행,저축은행 디지털마케팅본부 데이터분석 경력자,서울 구로구,https://kr.indeed.com/viewjob?jk=074bbbc1b7c4d596
유명메신저회사,서버 개발자,서울 강남구,https://kr.indeed.com/viewjob?jk=a9374a4682dc1b1f
국내자본 저축은행,저축은행 앱마케팅팀,서울 구로구,https://kr.indeed.com/viewjob?jk=35cefd4d91c7b366
"Miso, inc",Full Stack Developer,서울,https://kr.indeed.com/viewjob?jk=754348a9c3f08d66
"Miso, inc",Back-end Developer,서울,https://kr.indeed.com/viewjob?jk=80d3108dade97b0f
국내자본 저축은행,저축은행 소비자금융 Data Science 팀 ( 지원마감 ),서울 구로구,https://kr.indeed.com/viewjob?jk=c5e568ffa92ca5dc
국내자본 저축은행,저축은행 소비자금융 Data Science 팀,서울 구로구,https://kr.indeed.com/viewjob?jk=45f67a798ab15d10
에너지 거래소 및 에너지데이터 중개,시스템 프로그래머,서울,https://kr.indeed.com/viewjob?jk=33fbfcd01ae23602
국내자본 저축은행,저축은행 소비자금융본부 Data Science 팀,서울 구로구,https://kr.indeed.com/viewjob?jk=7376f377161ea4f2
"Miso, inc",Front-end Developer,서울,https://kr.indeed.com/viewjob?jk=9f7d7cbe5e172a01
국내자본 저축은행,디지털마케팅본부 수신상품 기획 및 전략수립 경력자,서울,https://kr.indeed.com/viewjob?jk=509e7ab10e54f962
유명메신저회사,운영(Business Operation Management) 경력자,서울 성동구,https://kr.indeed.com/viewjob?jk=caccb1d9be6bc918
에너지 거래소 및 에너지데이터 중개,Data Scientist,서울,https://kr.indeed.com/viewjob?jk=1622a08497f8c091
Beam,Operations Associate (운영팀원) - 한국,서울,https://kr.indeed.com/viewjob?jk=e58c6fe6fd87f03e
"Miso, inc",React Native Developer,서울,https://kr.indeed.com/viewjob?jk=315c65b8337d3e7a
신재생에너지 분야 솔루션기업,Fullstack SW개발자,성남 판교역,https://kr.indeed.com/viewjob?jk=a2089ff8a19a429f
Beam,Operations Manager (운영팀장) - 한국,서울,https://kr.indeed.com/viewjob?jk=43bf0c7e2b10e9b5
TV홈쇼핑,DevOps 엔지니어(과장~차장급),성남 판교역,https://kr.indeed.com/viewjob?jk=8af16ddc1e1a33b3
